Feature,Source,Adduct,Mass,RT,Formula,Name,SMILES,Superclass,Class,Subclass,Slope,Intercept,P.Value
114.09_3.043,Sirius,[M + H]+,114.0913,3.0434,C6H11NO,2-Amino-5-hexyn-1-ol,C#CCCC(CO)N,Organoheterocyclic compounds,Organonitrogen compounds,Unassigned,2.438,-4.8271,0.017312
119.08_25.25,Sirius,[M + H]+,119.0856,25.2538,C9H10,Isopropenylbenzene,CC(=C)C1=CC=CC=C1,Hydrocarbons,Benzene and substituted derivatives,Unassigned,-2.5349,-4.1909,0.013462
119.08_25.73,Sirius,[M + H]+,119.0856,25.7384,C9H10,Propan-2-ylcyclohexatriene,CC(C)C1=CC=[C+]C=C1,Lipids and lipid-like molecules,Benzene and substituted derivatives,Monoterpenoids,-3.1864,-2.5072,0.0021444
124.05_2.738,Sirius,[M + H]+,124.0504,2.7381,C5H5N3O,"1,5-Dihydroimidazo[1,5-b]pyrazol-6-one",C1=CNN2C1=CNC2=O,Organoheterocyclic compounds,Azoles,Pyrimidines and pyrimidine derivatives,3.2774,-2.2486,0.0016254
133.08_2.395,Sirius,[M + H]+,133.0866,2.3954,C6H12O3,"1,4,7-Trioxonane",C1COCCOCCO1,Organic acids and derivatives,Organooxygen compounds,Carboxylic acids,2.6177,-4.4059,0.010842
135.08_17.70,Sirius,[M + H]+,135.0806,17.709,C9H10O,"3,4-Dimethylbenzaldehyde",CC1=C(C=C(C=C1)C=O)C,Organic oxygen compounds,Organooxygen compounds,Carbonyl compounds,-2.0221,-6.1137,0.047011
135.08_25.67,Sirius,[M + H]+,135.0806,25.6748,C9H10O,"3,4-Dimethylbenzaldehyde",CC1=C(C=C(C=C1)C=O)C,Organic oxygen compounds,Organooxygen compounds,Carbonyl compounds,-2.8154,-3.5033,0.0063059
138.05_0.625,GNPS,[M + H]+,138.0539,0.6251,C7H7NO2,Trigonelline,C[N+]1=CC=CC(=C1)C(=O)[O-],Alkaloids and derivatives,Unassigned,Unassigned,2.8713,-3.3594,0.0053891
139.11_13.99,Sirius,[M + H]+,139.1115,13.9908,C9H14O,2-Butenyl ketone,CC=CCC(=O)CC=CC,Lipids and lipid-like molecules,Organooxygen compounds,Monoterpenoids,2.2966,-5.1408,0.024641
143.07_2.271,Sirius,[M + H]+,143.0729,2.2713,C10H8N,2-Naphthylamine,C1=CC=C2[C]=CC(=CC2=C1)N,Benzenoids,Naphthalenes,Unassigned,2.0629,-5.2091,0.042794
145.08_3.238,Sirius,[M + H]+,145.0854,3.2386,C7H12O3,Ethyl levulinate,CCOC(=O)CCC(=O)C,Lipids and lipid-like molecules,Keto acids and derivatives,Fatty acid esters,2.4308,-4.4307,0.017602
151.11_9.887,Sirius,[M + H]+,151.1116,9.8874,C10H14O,"2,5-Bis(ethenyl)cyclohexan-1-one",C=CC1CC(CC(=O)C1)C=C,Lipids and lipid-like molecules,Organooxygen compounds,Monoterpenoids,2.5539,-4.1463,0.01281
153.06_0.999,Sirius,[M + Na]+,153.0639,0.9994,C5H10N2O2,Glutaramide,C(CC(=O)N)CC(=O)N,Organic acids and derivatives,Fatty Acyls,"Amino acids, peptides, and analogues",2.0596,-5.2157,0.043121
154.12_10.14,Sirius,[M + H]+,154.1226,10.1452,C9H15NO,Gabapentin-lactam,C1CCC2(CC1)CC(=O)NC2,Organoheterocyclic compounds,Azaspirodecane derivatives,Unassigned,3.0872,-3.1923,0.002895
155.10_12.04,Sirius,[M + H]+,155.1063,12.049,C9H14O2,Ethyl 2-heptynoate,CCCCC#CC(=O)OCC,Lipids and lipid-like molecules,Fatty Acyls,Unassigned,2.342,-4.6288,0.022002
155.10_12.40,Sirius,[M + H]+,155.1061,12.4056,C9H14O2,"Ethyl hepta-2,6-dienoate",CCOC(=O)C=CCCC=C,Lipids and lipid-like molecules,Fatty Acyls,Unassigned,2.6651,-4.7001,0.0095605
155.10_14.18,Sirius,[M + H]+,155.1064,14.1867,C9H14O2,"Ethyl hepta-2,6-dienoate",CCOC(=O)C=CCCC=C,Lipids and lipid-like molecules,Fatty Acyls,Unassigned,2.7913,-3.9757,0.0067615
157.08_19.76,Sirius,[M + H]+,157.087,19.7619,C8H12O3,Ethyl 4-Ethoxybut-2-Ynoate,CCOCC#CC(=O)OCC,Lipids and lipid-like molecules,Fatty Acyls,Fatty acid esters,-2.2843,-5.5774,0.025405
157.12_13.97,Sirius,[M + H]+,157.1216,13.978,C9H16O2,5-Cyclobutylpentanoic Acid,C1CC(C1)CCCCC(=O)O,Organoheterocyclic compounds,Fatty Acyls,Gamma butyrolactones,3.1492,-3.4292,0.0024127
158.11_5.087,Sirius,[M + H]+,158.1178,5.087,C8H15NO2,Gababutin,C1CCC(C1)(CC(=O)O)CN,Organic acids and derivatives,Carboxylic acids and derivatives,"Amino acids, peptides, and analogues",2.2589,-5.2218,0.027011
165.07_14.03,Sirius,[M + H]+,165.079,14.0336,C4H9FN4O2,N-[(methoxymethylamino)carbamoylamino]methanimidoyl fluoride,COCNNC(=O)NN=CF,Organohalogen compounds,Organonitrogen compounds,Alkyl fluorides,-2.5677,-4.9351,0.012388
167.10_13.57,Sirius,[M + Na]+,167.1044,13.5753,C8H16O2,Hexyl acetate,CCCCCCOC(=O)C,Organic acids and derivatives,Carboxylic acids and derivatives,Monocarboxylic acids and derivatives,3.0308,-2.9366,0.0034057
169.12_20.15,Sirius,[M + H]+,169.1225,20.1523,C10H16O2,Chrysanthemic acid,CC(=CC1C(C1(C)C)C(=O)O)C,Organic acids and derivatives,Prenol lipids,Carboxylic acid derivatives,2.1573,-5.8443,0.034436
171.13_16.96,Sirius,[M + H]+,171.1367,16.9657,C10H18O2,5-Decanolide,CCCCCC1CCCC(=O)O1,Organic acids and derivatives,Lactones,Carboxylic acid derivatives,2.5353,-5.0118,0.013486
172.13_10.17,Sirius,[M + H]+,172.1332,10.1791,C9H17NO2,Gabapentin,C1CCC(CC1)(CC(=O)O)CN,Organic acids and derivatives,Carboxylic acids and derivatives,"Amino acids, peptides, and analogues",3.2449,-2.3417,0.0017957
173.08_10.11,Sirius,[M + H]+,173.0811,10.1184,C8H12O4,"4,7-Dioxooctanoic acid",CC(=O)CCC(=O)CCC(=O)O,Organoheterocyclic compounds,Keto acids and derivatives,Pyranones and derivatives,2.0273,-5.2786,0.046403
176.11_1.317,Sirius,[M + H]+,176.1126,1.3176,C8H13F2N2,"4-(3,3-Difluoroazetidin-1-yl)piperidine",C1C[N]CCC1N2CC(C2)(F)F,Organic nitrogen compounds,Piperidines,Amines,2.3377,-5.0513,0.022268
177.11_8.343,Sirius,[M + H]+,177.1115,8.3432,C8H16O4,"2,3-Dihydroxypropyl pentanoate",CCCCC(=O)OCC(CO)O,Lipids and lipid-like molecules,Glycerolipids,Fatty acid esters,2.8406,-3.4388,0.0058765
181.07_2.998,Sirius,[M + K]+,181.0748,2.9987,C7H14N2O,1-(2-Methylpropyl)imidazolidin-2-one,CC(C)CN1CCNC1=O,Organic acids and derivatives,Azolidines,Carboxylic acid derivatives,2.9516,-3.1488,0.0042859
181.08_10.47,Sirius,[M + H]+,181.0802,10.4764,C9H12N2S,[(S)-Cyanocyclohexylmethyl] thiocyanate,C1CCC(CC1)C(C#N)SC#N,Organoheterocyclic compounds,Thiocyanates,Unassigned,2.0157,-5.7154,0.047669
184.16_14.41,Sirius,[M + H]+,184.1686,14.4107,C11H21NO,N-cyclopropyloctanamide,CCCCCCCC(=O)NC1CC1,Organic acids and derivatives,Fatty Acyls,Carboxylic acid derivatives,2.6986,-3.7969,0.0087022
185.11_12.25,Sirius,[M + H]+,185.117,12.2586,C10H16O3,10-Hydroxydecadienoic acid,C(CCC=CC=CC(=O)O)CCO,Lipids and lipid-like molecules,Fatty Acyls,Fatty acids and conjugates,2.4078,-5.3054,0.018704
185.11_18.42,Sirius,[M + H]+,185.1178,18.4274,C10H16O3,"1-Oxacycloundecane-2,4-dione",C1CCCC(=O)CC(=O)OCCC1,Organic acids and derivatives,Organooxygen compounds,Beta-keto acids and derivatives,2.6392,-4.3537,0.010236
186.07_2.003,Sirius,[M + H]+,186.0768,2.0036,C8H11NO4,4-Oxo-4-(2-oxo-1-pyrrolidinyl)butyric acid,C1CC(=O)N(C1)C(=O)CCC(=O)O,Organic acids and derivatives,Pyrrolidines,"Amino acids, peptides, and analogues",-2.0035,-5.739,0.049002
186.14_12.91,Sirius,[M + H]+,186.1494,12.9125,C10H19NO2,5-(Piperidin-2-yl)pentanoic acid,C1CCNC(C1)CCCCC(=O)O,Organic acids and derivatives,Unassigned,"Amino acids, peptides, and analogues",2.2105,-4.9101,0.030302
187.14_25.80,Sirius,[M + H]+,187.1479,25.801,C11H19FO,"2,2-Dimethyl-4-fluoro-3-nonene-5-one",CCCCC(=O)C(=CC(C)(C)C)F,Organic oxygen compounds,Organooxygen compounds,Carbonyl compounds,2.0871,-5.1614,0.040486
191.12_24.08,Sirius,[M + H]+,191.1262,24.0872,C9H18O4,"(3R,8R)-3,8-Dihydroxynonanoic acid",CC(CCCCC(CC(=O)O)O)O,Organic acids and derivatives,Hydroxy acids and derivatives,Medium-chain hydroxy acids and derivatives,2.1445,-5.4602,0.035469
193.08_22.56,Sirius,[M + H]+,193.0869,22.5674,C8H13FO4,2-Fluorooctanedioic acid,C(CCC(C(=O)O)F)CCC(=O)O,Lipids and lipid-like molecules,Fatty Acyls,Unassigned,-2.6287,-4.7886,0.010538
193.08_23.18,Sirius,[M + H]+,193.0868,23.1867,C11H12O3,Methyl p-methoxycinnamate,COC1=CC=C(C=C1)C=CC(=O)OC,Phenylpropanoids and polyketides,Phenol ethers,Unassigned,-3.1518,-3.4218,0.0023935
195.08_6.508,GNPS,[M + H]+,195.0888,6.5084,C8H10N4O2,Caffeine,CN1C=NC2=C1C(=O)N(C)C(=O)N2C,Organoheterocyclic compounds,Imidazopyrimidines,Purines and purine derivatives,3.7085,-0.95359,0.00041118
195.11_2.396,Sirius,[M + H]+,195.1155,2.3967,C7H15FN2O3,2-[2-[2-(fluoroamino)ethoxy]ethoxy]-N-methylacetamide,CNC(=O)COCCOCCNF,Organic acids and derivatives,Carboxylic acids and derivatives,"Amino acids, peptides, and analogues",2.9219,-3.2271,0.0046662
196.14_2.373,Sirius,[M + Na]+,196.1414,2.3738,C8H19N3O,4-[Methyl(propyl)amino]butanehydrazide,CCCN(C)CCCC(=O)NN,Organic acids and derivatives,Carboxylic acids and derivatives,"Amino acids, peptides, and analogues",2.3015,-4.7168,0.02431
197.12_10.17,Sirius,[M + H]+,197.1256,10.1748,C8H14N5O,"2,6-Diamino-4-pyrrolizinopyrimidine 1-oxide",C1CCN(C1)C2=CC(=N)N([C](N2)N)[O-],Organoheterocyclic compounds,Diazines,Unassigned,2.6244,-4.3897,0.01065
199.13_19.10,Sirius,[M + H]+,199.1335,19.1055,C11H18O3,"Oxacyclododecane-2,7-dione",C1CCC(=O)CCCCC(=O)OCC1,Organic oxygen compounds,Fatty Acyls,Carbonyl compounds,2.0401,-5.2538,0.045079
201.11_13.09,Sirius,[M + H]+,201.1135,13.0952,C10H16O4,"1,2,3,3-Tetramethylcyclobutane-1,2-dicarboxylic acid",CC1(CC(C1(C)C(=O)O)(C)C(=O)O)C,Organic acids and derivatives,Fatty Acyls,Carboxylic acid derivatives,-2.2875,-5.1604,0.025192
201.12_5.449,Sirius,[M + H]+,201.1229,5.4495,C9H16N2O3,5-(2-Oxohexahydro-4-pyrimidinyl)pentanoic acid,C1CNC(=O)NC1CCCCC(=O)O,Organic acids and derivatives,Carboxylic acids and derivatives,"Amino acids, peptides, and analogues",3.5414,-2.2841,0.00071495
202.07_1.670,Sirius,[M + H]+,202.0717,1.6706,C8H11NO5,2-(Acryloylamino)glutaric acid,C=CC(=O)NC(CCC(=O)O)C(=O)O,Organic acids and derivatives,Carboxylic acids and derivatives,"Amino acids, peptides, and analogues",-2.3252,-5.0786,0.022966
202.08_8.725,Sirius,[M + H]+,202.0872,8.7258,C12H11NO2,1-prop-2-enylindole-3-carboxylic acid,C=CCN1C=C(C2=CC=CC=C21)C(=O)O,Organoheterocyclic compounds,Indoles and derivatives,Indolecarboxylic acids and derivatives,-2.3414,-4.6301,0.022035
202.14_17.91,GNPS,[M + H]+,202.1449,17.9143,C10H19NO3,2-Octanamidoacetic acid,CCCCCCCC(=O)NCC(=O)O,Organic acids and derivatives,Carboxylic acids and derivatives,"Amino acids, peptides, and analogues",2.1283,-5.079,0.0368
203.06_2.726,Sirius,[M + K]+,203.0618,2.7261,C7H17O2P,1-[Ethoxy(ethyl)phosphoryl]propane,CCCP(=O)(CC)OCC,Organic oxygen compounds,Organophosphinic acids and derivatives,Unassigned,-2.3862,-5.3539,0.01975
205.15_19.35,Sirius,[M + Na]+,205.1583,19.3548,C12H22O,3-isopentyl-3-methylcyclohexanone,CC(C)CCC1(CCCC(=O)C1)C,Organic oxygen compounds,Organooxygen compounds,Unassigned,2.6075,-4.4306,0.011142
206.13_13.64,Sirius,[M + H]+,206.1387,13.6444,C9H19NO4,"5-Nitrononane-2,8-diol",CC(CCC(CCC(C)O)[N+](=O)[O-])O,Organic acids and derivatives,"Allyl-type 1,3-dipolar organic compounds","Amino acids, peptides, and analogues",2.0242,-5.2845,0.046724
207.06_24.39,Sirius,[M + H]+,207.0665,24.3983,C11H10O4,2-(6-Methoxy-1-benzofuran-2-yl)acetic acid,COC1=CC2=C(C=C1)C=C(O2)CC(=O)O,Phenylpropanoids and polyketides,Benzofurans,Unassigned,-2.8448,-4.2477,0.0058315
207.10_13.64,Sirius,[M + H]+,207.1004,13.6442,C12H14O3,"6-(6-Oxocyclohexa-1,3-dien-1-yl)hex-5-enoic acid",C1C=CC=C(C1=O)C=CCCCC(=O)O,Organic acids and derivatives,Fatty Acyls,Carboxylic acid derivatives,3.8569,-0.88893,0.00025254
209.08_21.25,Sirius,[M + H]+,209.0816,21.2538,C4H12N6O2S,2-methyl-1-[(N'-methylcarbamimidoyl)sulfamoyl]guanidine,CN=C(N)NS(=O)(=O)NC(=NC)N,Organic acids and derivatives,Sulfonyls,Organosulfonic acids and derivatives,-2.4153,-4.8785,0.018337
209.08_21.99,Sirius,[M + H]+,209.0813,21.9934,C11H12O4,3-(3-Hydroxy-4-methoxyphenyl)-2-methylprop-2-enoic acid,CC(=CC1=CC(=C(C=C1)OC)O)C(=O)O,Organoheterocyclic compounds,Cinnamic acids and derivatives,Isobenzofuranones,-2.4559,-4.7862,0.016538
209.12_8.377,Sirius,[M + H]+,209.1222,8.3771,C7H14F2N4O,null,CC(C1NC(NC(=O)N1)N)C(C)(F)F,Organic acids and derivatives,Triazinanes,Unassigned,2.1991,-6.298,0.031206
211.13_8.734,GNPS,[M + H]+,211.1393,8.7346,C11H18N2O2,Massbank:PR300771 Cyclo(proline-leucine),CC(C)CC1C(=O)N2CCCC2C(=O)N1,Organic acids and derivatives,Carboxylic acids and derivatives,"Amino acids, peptides, and analogues",2.7003,-4.2041,0.0086823
211.13_9.535,GNPS,[M + H]+,211.1395,9.5351,C11H18N2O2,Cyclo(Leu-Pro),CC(C)CC1C(=O)N2CCCC2C(=O)N1,Organic acids and derivatives,Carboxylic acids and derivatives,"Amino acids, peptides, and analogues",4.1857,0.19777,0.000081362
211.16_14.95,Sirius,[M + H]+,211.1685,14.9549,C13H22O2,"4-(3-Hydroxybutyl)-3,5,5-trimethylcyclohex-2-en-1-one",CC1=CC(=O)CC(C1CCC(C)O)(C)C,Organic acids and derivatives,Prenol lipids,Carboxylic acid derivatives,2.3782,-4.9617,0.020132
211.16_16.64,Sirius,[M + H]+,211.1681,16.6415,C13H22O2,"Propynoic acid (3S)-3,7-dimethyloctyl ester",CC(C)CCCC(C)CCOC(=O)C#C,Organic acids and derivatives,Fatty Acyls,Carboxylic acid derivatives,-2.5178,-4.6432,0.014101
212.20_19.86,Sirius,[M + H]+,212.2011,19.8647,C13H25NO,N-cyclopropyldecanamide,CCCCCCCCCC(=O)NC1CC1,Lipids and lipid-like molecules,Fatty Acyls,Fatty amides,2.652,-3.911,0.0098701
215.12_15.66,Sirius,[M + H]+,215.1297,15.6627,C11H18O4,6-(Methacryloyloxy)hexanoic acid methyl ester,CC(=C)C(=O)OCCCCCC(=O)OC,Lipids and lipid-like molecules,Fatty Acyls,Fatty acid esters,-2.2407,-5.6706,0.02824
215.13_10.19,Sirius,[M + H]+,215.1388,10.192,C10H18N2O3,Dethiobiotin,CC1C(NC(=O)N1)CCCCCC(=O)O,Lipids and lipid-like molecules,Azoles,Fatty acids and conjugates,3.436,-1.7856,0.00099201
216.15_18.13,Sirius,[M + H]+,216.1594,18.1363,C11H21NO3,2-Methyl-5-(2-methylbutanoylamino)pentanoic acid,CCC(C)C(=O)NCCCC(C)C(=O)O,Organic acids and derivatives,Fatty Acyls,"Amino acids, peptides, and analogues",-2.0033,-5.7393,0.049017
216.19_14.65,Sirius,[M + H]+,216.1957,14.6547,C12H25NO2,4-(Octylamino)butanoic acid,CCCCCCCCNCCCC(=O)O,Organic acids and derivatives,Carboxylic acids and derivatives,"Amino acids, peptides, and analogues",-2.1807,-4.972,0.032534
221.09_1.128,Sirius,[M + H]+,221.0945,1.1288,C6H10F2N6O,"N-(2,2-difluoroethyl)-4-hydrazinyl-6-methoxy-1,3,5-triazin-2-amine",COC1=NC(=NC(=N1)NN)NCC(F)F,Organic oxygen compounds,Triazines,Ethers,2.1631,-5.0082,0.033916
221.11_26.71,Sirius,[M + H]+,221.1178,26.7152,C13H16O3,"1-(4-Propoxyphenyl)butane-1,3-dione",CCCOC1=CC=C(C=C1)C(=O)CC(=O)C,Benzenoids,Organooxygen compounds,Unassigned,-2.485,-4.307,0.015323
221.15_24.21,Sirius,[M + H]+,221.1536,24.2125,C14H20O2,"1,4-Bis(prop-2-ynoxymethyl)cyclohexane",C#CCOCC1CCC(CC1)COCC#C,Benzenoids,Organooxygen compounds,Unassigned,2.1202,-5.9198,0.037556
227.16_12.35,Sirius,[M + H]+,227.1638,12.3585,C13H22O3,"Tridecane-3,7,11-trione",CCC(=O)CCCC(=O)CCCC(=O)CC,Lipids and lipid-like molecules,Organooxygen compounds,Lineolic acids and derivatives,2.0809,-5.1736,0.041062
228.15_8.145,Sirius,[M + H]+,228.1576,8.1456,C12H21NO3,6-(3-Cyclopropylpropanoylamino)hexanoic acid,C1CC1CCC(=O)NCCCCCC(=O)O,Organic acids and derivatives,Fatty Acyls,"Amino acids, peptides, and analogues",2.216,-4.8988,0.029913
229.08_3.802,Sirius,[M + H]+,229.0863,3.8022,C7H18ClN2O2P,2-chloro-N-[diethylamino(methoxy)phosphoryl]ethanamine,CCN(CC)P(=O)(NCCCl)OC,Organic acids and derivatives,Organic phosphoric acids and derivatives,Organic phosphoramides,-2.092,-5.1517,0.040032
231.13_12.65,Sirius,[M + H]+,231.1327,12.6589,C10H18N2O4,2-Amino-6-(prop-2-enoxycarbonylamino)hexanoic acid,C=CCOC(=O)NCCCCC(C(=O)O)N,Organic acids and derivatives,Carboxylic acids and derivatives,"Amino acids, peptides, and analogues",2.0653,-5.6188,0.042603
232.19_17.22,Sirius,[M + H]+,232.191,17.2224,C12H25NO3,"N-(1,3-dihydroxypropan-2-yl)nonanamide",CCCCCCCCC(=O)NC(CO)CO,Organic acids and derivatives,Fatty Acyls,"Amino acids, peptides, and analogues",2.7284,-3.7228,0.0080211
232.22_17.45,Sirius,[M + H]+,232.2261,17.4584,C13H29NO2,"3-(Butylamino)nonane-1,4-diol",CCCCCC(C(CCO)NCCCC)O,Organic nitrogen compounds,Organonitrogen compounds,Quaternary ammonium salts,-2.2025,-5.3405,0.030924
239.12_19.10,Sirius,[M + Na]+,239.127,19.1002,C11H20O4,6-Pentanoyloxyhexanoic acid,CCCCC(=O)OCCCCCC(=O)O,Organic acids and derivatives,Fatty Acyls,Carboxylic acids,3.0319,-3.3434,0.0034061
239.14_2.622,Sirius,[M + H]+,239.1491,2.6221,C10H22O6,Pentaglycol,C(COCCOCCOCCOCCO)O,Organic oxygen compounds,Organooxygen compounds,Ethers,2.4069,-4.4848,0.018703
240.15_18.10,Sirius,[M + H]+,240.1597,18.1028,C13H21NO3,2-(Undec-9-ynoylamino)acetic acid,CC#CCCCCCCCC(=O)NCC(=O)O,Organic acids and derivatives,Carboxylic acids and derivatives,"Amino acids, peptides, and analogues",-2.7018,-3.7889,0.0086263
241.14_20.81,Sirius,[M + H]+,241.1433,20.8162,C13H20O4,Methyl hydrogen dodec-6-ynedioate,COC(=O)CCCCC#CCCCCC(=O)O,Lipids and lipid-like molecules,Fatty Acyls,Fatty acid esters,2.1514,-5.446,0.034896
243.13_6.583,Sirius,[M + H]+,243.1339,6.5838,C11H18N2O4,"5-(2-Methylpropyl)-3,6-dioxo-2-piperazinepropanoic acid",CC(C)CC1C(=O)NC(C(=O)N1)CCC(=O)O,Organic acids and derivatives,Carboxylic acids and derivatives,"Amino acids, peptides, and analogues",3.1533,-3.0093,0.0023787
246.15_13.11,Sirius,[M + H]+,246.1545,13.1119,C9H19N5O3,5-amino-2-[(2-aminoacetyl)amino]-N-(2-amino-2-oxoethyl)pentanamide,C(CC(C(=O)NCC(=O)N)NC(=O)CN)CN,Organoheterocyclic compounds,Polypeptides,Unassigned,-2.2384,-5.2652,0.028379
247.09_5.295,Sirius,[M + H]+,247.0946,5.2959,C9H14N2O6,2-(2-Acetamidopropanoylamino)butanedioic acid,CC(C(=O)NC(CC(=O)O)C(=O)O)NC(=O)C,Organic acids and derivatives,Carboxylic acids and derivatives,"Amino acids, peptides, and analogues",-2.18,-4.9735,0.032588
247.09_5.547,Sirius,[M + H]+,247.0947,5.5478,C9H14N2O6,2-(2-Acetamidopropanoylamino)butanedioic acid,CC(C(=O)NC(CC(=O)O)C(=O)O)NC(=O)C,Organic acids and derivatives,Carboxylic acids and derivatives,"Amino acids, peptides, and analogues",-2.1782,-4.9771,0.032726
247.14_3.298,GNPS,[M + H]+,247.1417,3.2985,C14H18N2O2,Hypaphorine,C[N+](C)(C)C(CC1=CNC2=CC=CC=C21)C(=O)[O-],Organic acids and derivatives,Carboxylic acids and derivatives,"Amino acids, peptides, and analogues",-2.1791,-5.3892,0.032696
251.12_20.21,Sirius,[M + H]+,251.1281,20.2112,C12H15FN4O,"3-[3-(5-Fluoropyridin-2-yl)-1,2,4-oxadiazol-5-yl]pentan-3-amine",CCC(CC)(C1=NC(=NO1)C2=NC=C(C=C2)F)N,Organohalogen compounds,Organonitrogen compounds,Aryl fluorides,2.0335,-6.6318,0.045829
251.16_15.36,Sirius,[M + H]+,251.1634,15.3631,C15H22O3,Cadabicilone,CC1C2CCC3(CCC(=O)C(C3C2OC1=O)C)C,Lipids and lipid-like molecules,Prenol lipids,Sesquiterpenoids,2.7229,-4.1479,0.0081639
259.20_4.987,Sirius,[M + H]+,259.2007,4.9879,C13H26N2O3,2-(11-Aminoundecanoylamino)acetic acid,C(CCCCCN)CCCCC(=O)NCC(=O)O,Organic acids and derivatives,Carboxylic acids and derivatives,"Amino acids, peptides, and analogues",2.0436,-5.6614,0.044761
260.22_22.71,Sirius,[M + H]+,260.2223,22.7127,C17H27N2,"1,3-Bis(2,2-dimethylpropyl)-1,3-dihydro-2H-benzimidazole",CC(C)(C)CN1[CH]N(C2=CC=CC=C21)CC(C)(C)C,Organoheterocyclic compounds,Benzimidazoles,N-alkylpyrrolidines,2.7176,-3.7497,0.0082625
263.14_13.23,GNPS,[M + H]+,263.1494,13.237,C12H22O6,"9-(2,3-Dihydroxypropoxy)-9-oxononanoic acid",O=C(O)CCCCCCCC(=O)OCC(O)CO,Lipids and lipid-like molecules,Fatty Acyls,Fatty acids and conjugates,2.0215,-5.7043,0.047053
265.10_14.28,Sirius,[M + H]+,265.1087,14.2818,C14H16O5,"7-(4-Methoxyphenyl)-4,7-dioxoheptanoic acid",COC1=CC=C(C=C1)C(=O)CCC(=O)CCC(=O)O,Benzenoids,Organooxygen compounds,Anisoles,-2.1673,-6.3638,0.033643
265.13_4.860,Sirius,[M + H]+,265.1321,4.8609,C10H21N2O4P,[[(2-Amino-4-methylpentanoyl)amino]-cyclopropylmethyl]phosphonic acid,CC(C)CC(C(=O)NC(C1CC1)P(=O)(O)O)N,Organic acids and derivatives,Carboxylic acids and derivatives,"Amino acids, peptides, and analogues",2.7052,-4.1917,0.0085656
269.13_11.32,Sirius,[M + H]+,269.1378,11.3219,C10H16N6O3,"5-(2,6-Diamino-3,6-dihydropurin-9-yl)-2-(hydroxymethyl)oxolan-3-ol",C1C(C(OC1N2C=NC3=C2NC(=NC3N)N)CO)O,Organoheterocyclic compounds,Purine nucleosides,Purines and purine derivatives,2.5334,-4.6066,0.01354
269.13_13.71,Sirius,[M + H]+,269.139,13.7195,C15H16N4O,4-cyano-N-(5-methyl-2-propan-2-ylpyrazol-3-yl)benzamide,CC1=NN(C(=C1)NC(=O)C2=CC=C(C=C2)C#N)C(C)C,Benzenoids,Benzene and substituted derivatives,Unassigned,2.0925,-5.5648,0.04002
269.13_13.77,Sirius,[M + H]+,269.1399,13.7721,C15H16N4O,4-cyano-N-(5-methyl-2-propan-2-ylpyrazol-3-yl)benzamide,CC1=NN(C(=C1)NC(=O)C2=CC=C(C=C2)C#N)C(C)C,Benzenoids,Benzene and substituted derivatives,Unassigned,2.5595,-4.9547,0.012658
271.09_3.955,Sirius,[M + H]+,271.0944,3.9551,C11H14N2O6,2-Acetamido-2-(4-acetamidobut-2-ynyl)propanedioic acid,CC(=O)NCC#CCC(C(=O)O)(C(=O)O)NC(=O)C,Organic acids and derivatives,Carboxylic acids and derivatives,"Amino acids, peptides, and analogues",-2.9821,-3.0676,0.0039247
271.14_26.99,Sirius,[M + K]+,271.1468,26.9941,C16H24O,"2,3-Ditert-butyl-6-ethenylphenol",CC(C)(C)C1=C(C(=C(C=C1)C=C)O)C(C)(C)C,Benzenoids,Benzene and substituted derivatives,Phenylpropanes,2.1125,-5.9353,0.038231
273.17_15.37,Sirius,[M + Na]+,273.1776,15.3788,C11H26N2O4,"1,11-Diaminoundecane-2,4,8,10-tetrol",C(CC(CC(CN)O)O)CC(CC(CN)O)O,Organic acids and derivatives,Organonitrogen compounds,"Amino acids, peptides, and analogues",2.9849,-3.4701,0.0039051
275.10_10.30,Sirius,[M + H]+,275.109,10.3098,C10H19N4OPS,"1,2-Dimethyl-1-[[methyl(methylamino)amino]-phenoxyphosphinothioyl]hydrazine",CNN(C)P(=S)(N(C)NC)OC1=CC=CC=C1,Organoheterocyclic compounds,Benzene and substituted derivatives,Unassigned,-2.3534,-5.0168,0.021419
276.13_2.539,Sirius,[M + H]+,276.1364,2.5396,C12H22NO4P,Dibutyl (1-cyano-2-oxopropyl)phosphonate,CCCCOP(=O)(C(C#N)C(=O)C)OCCCC,Organic acids and derivatives,Organic phosphonic acids and derivatives,Phosphonic acid esters,2.0729,-5.1894,0.041823
276.13_4.061,Sirius,[M + H]+,276.1361,4.0613,C11H18FN3O4,"4-Amino-1-[1-(4-fluoro-1,3-dihydroxypentan-2-yl)oxyethyl]pyrimidin-2-one",CC(C(C(CO)OC(C)N1C=CC(=NC1=O)N)O)F,Organic acids and derivatives,Diazines,"Amino acids, peptides, and analogues",2.0008,-5.7441,0.049292
277.11_9.834,GNPS,[M + H]+,277.1188,9.8343,C14H16N2O4,PyroGlu-Phe,C1CC(=O)NC1C(=O)NC(CC2=CC=CC=C2)C(=O)O,Organic acids and derivatives,Carboxylic acids and derivatives,"Amino acids, peptides, and analogues",2.5243,-4.2157,0.013839
277.18_26.73,Sirius,[M + H]+,277.1804,26.733,C17H24O3,"3-(3,5-Ditert-butyl-4-hydroxyphenyl)-3-oxopropanal",CC(C)(C)C1=CC(=CC(=C1O)C(C)(C)C)C(=O)CC=O,Benzenoids,Organooxygen compounds,Phenylpropanes,-2.824,-3.4815,0.0061572
278.16_19.81,Sirius,[M + H]+,278.1611,19.8134,C11H24N3O3P,1-[Azidomethyl(pentoxy)phosphoryl]oxypentane,CCCCCOP(=O)(CN=[N+]=[N-])OCCCCC,Organic acids and derivatives,Organic phosphonic acids and derivatives,Unassigned,-2.484,-4.7217,0.015389
281.13_25.63,Sirius,[M + H]+,281.1393,25.6384,C15H20O5,"Cyclopentadecane-1,4,7,10,13-pentone",C1CC(=O)CCC(=O)CCC(=O)CCC(=O)CCC1=O,Organic acids and derivatives,Organooxygen compounds,Carboxylic acid derivatives,-2.5211,-4.6355,0.013981
281.13_25.75,Sirius,[M + H]+,281.1392,25.7527,C15H20O5,"4,11-Dihydroxy-3,6,10-trimethyl-3,3a,4,5,11,11a-hexahydrocyclodeca[b]furan-2,8-dione",CC1C2C(CC(=CC(=O)C=C(C(C2OC1=O)O)C)C)O,Organic acids and derivatives,Prenol lipids,Carboxylic acid derivatives,-2.9533,-3.1444,0.0042652
282.20_15.31,Sirius,[M + H]+,282.2036,15.3103,C16H27NO3,"2-(Tetradeca-2,4-dienoylamino)acetic acid",CCCCCCCCCC=CC=CC(=O)NCC(=O)O,Organic acids and derivatives,Carboxylic acids and derivatives,"Amino acids, peptides, and analogues",-2.3245,-5.0801,0.023006
283.11_19.89,Sirius,[M + Na]+,283.1165,19.8969,C13H16N4O2,1-methyl-N-[2-(1-methylpyrazol-4-yl)ethyl]-6-oxopyridine-3-carboxamide,CN1C=C(C=CC1=O)C(=O)NCCC2=CN(N=C2)C,Organoheterocyclic compounds,Pyridines and derivatives,Pyridinecarboxylic acids and derivatives,-2.8696,-3.7745,0.0054312
283.15_11.93,Sirius,[M + H]+,283.1524,11.9341,C10H22N2O7,"(2R,3S,4R,5R)-6-[(2-Hydroxyethyl)amino]-6-[(2-hydroxyethyl)imino]-1,2,3,4,5-hexanepentaol",C(CO)NC(=NCCO)C(C(C(C(CO)O)O)O)O,Organic oxygen compounds,Organooxygen compounds,Carbohydrates and carbohydrate conjugates,2.4939,-5.1085,0.015014
283.15_12.01,Sirius,[M + H]+,283.1511,12.0175,C10H22N2O7,"(2R,3S,4R,5R)-6-[(2-Hydroxyethyl)amino]-6-[(2-hydroxyethyl)imino]-1,2,3,4,5-hexanepentaol",C(CO)NC(=NCCO)C(C(C(C(CO)O)O)O)O,Organic oxygen compounds,Organooxygen compounds,Carbohydrates and carbohydrate conjugates,2.6746,-4.6768,0.0093184
283.17_5.128,Sirius,[M + H]+,283.1748,5.1289,C12H26O7,Hexagol,C(COCCOCCOCCOCCOCCO)O,Organic oxygen compounds,Organooxygen compounds,Ethers,3.2591,-2.3011,0.0017193
283.17_5.628,Sirius,[M + H]+,283.171,5.6288,C16H23FO3,4-(3-Fluorononoxy)benzoic acid,CCCCCCC(CCOC1=CC=C(C=C1)C(=O)O)F,Benzenoids,Benzene and substituted derivatives,Halobenzenes,2.731,-4.1276,0.0079836
283.20_23.91,Sirius,[M + Na]+,283.2007,23.9163,C13H28N2O3,3-[3-(butylamino)propoxy]propyl N-ethylcarbamate,CCCCNCCCOCCCOC(=O)NCC,Lipids and lipid-like molecules,Carboxylic acids and derivatives,Fatty acids and conjugates,-2.1486,-5.0378,0.03509
286.14_1.732,Sirius,[M + H]+,286.1421,1.7329,C12H19N3O5,Ac-Gly-Gly-DL-Ala(Unk)-OH,CC=CCC(C(=O)O)NC(=O)CNC(=O)CNC(=O)C,Organic acids and derivatives,Polypeptides,"Amino acids, peptides, and analogues",2.6647,-4.2916,0.0095589
287.23_14.43,Sirius,[M + H]+,287.2334,14.434,C15H30N2O3,Carboxymethyl-dimethyl-[3-(octanoylamino)propyl]azanium,CCCCCCCC(=O)NCCC[N+](C)(C)CC(=O)O,Organic acids and derivatives,Carboxylic acids and derivatives,"Amino acids, peptides, and analogues",2.2543,-4.8181,0.027278
288.18_15.80,Sirius,[M + H]+,288.182,15.8034,C14H25NO5,3-[[(1S)-1-carboxy-3-methylbutyl]carbamoyl]-5-methylhexanoic acid,CC(C)CC(CC(=O)O)C(=O)NC(CC(C)C)C(=O)O,Organic acids and derivatives,Carboxylic acids and derivatives,"Amino acids, peptides, and analogues",2.2193,-5.7158,0.029731
289.16_24.29,Sirius,[M + H]+,289.1698,24.2905,C12H24N4O2S,"4-[(2S)-2-amino-4-methylsulfanylbutanoyl]-N,N-dimethylpiperazine-1-carboxamide",CN(C)C(=O)N1CCN(CC1)C(=O)C(CCSC)N,Organoheterocyclic compounds,Carboxylic acids and derivatives,Unassigned,-2.6149,-5.3616,0.010938
289.17_10.33,Sirius,[M + H]+,289.1755,10.3308,C13H24N2O5,"1,3-Bis(5-carboxypentyl)urea",C(CCC(=O)O)CCNC(=O)NCCCCCC(=O)O,Lipids and lipid-like molecules,Fatty Acyls,Fatty acids and conjugates,3.2111,-3.255,0.0020026
290.26_20.66,Sirius,[M + H]+,290.2696,20.6697,C16H35NO3,12-[Bis(2-hydroxyethyl)amino]dodecan-1-ol,C(CCCCCCO)CCCCCN(CCO)CCO,Organic nitrogen compounds,Organonitrogen compounds,Amines,-2.2378,-4.8529,0.028385
294.20_26.73,Sirius,[M + H]+,294.2073,26.7321,C14H28FNO4,"(2R,3R,4R,5E)-1,3-dibutoxy-4-fluoro-5-methoxyiminopentan-2-ol",CCCCOCC(C(C(C=NOC)F)OCCCC)O,Organic acids and derivatives,Organooxygen compounds,"Amino acids, peptides, and analogues",-2.9678,-3.516,0.0041038
295.11_25.70,Sirius,[M + H]+,295.1188,25.7069,C15H18O6,"1-O-(Nonane-4,6,8-triyne-1-yl)-beta-D-glucopyranose",C#CC#CC#CCCCOC1C(C(C(C(O1)CO)O)O)O,Organic oxygen compounds,Fatty Acyls,Carbohydrates and carbohydrate conjugates,-2.4162,-4.8766,0.018297
298.19_15.47,Sirius,[M + H]+,298.1988,15.4732,C12H23N7O2,"4-ethoxy-6-hydrazinyl-N-(3-morpholin-4-ylpropyl)-1,3,5-triazin-2-amine",CCOC1=NC(=NC(=N1)NN)NCCCN2CCOCC2,Organic acids and derivatives,Triazines,"Amino acids, peptides, and analogues",-2.7732,-3.6105,0.0070911
298.19_15.93,Sirius,[M + H]+,298.1981,15.9339,C12H23N7O2,"4-ethoxy-6-hydrazinyl-N-(3-morpholin-4-ylpropyl)-1,3,5-triazin-2-amine",CCOC1=NC(=NC(=N1)NN)NCCCN2CCOCC2,Organic acids and derivatives,Triazines,"Amino acids, peptides, and analogues",-2.003,-6.1506,0.049073
299.10_9.783,Sirius,[M + H]+,299.1026,9.7839,C16H14N2O4,Methyl 3-[(4-carbamoylbenzoyl)amino]benzoate,COC(=O)C1=CC(=CC=C1)NC(=O)C2=CC=C(C=C2)C(=O)N,Organoheterocyclic compounds,Benzene and substituted derivatives,Unassigned,2.2892,-5.1568,0.025089
299.14_12.80,Sirius,[M + H]+,299.1499,12.8032,C15H22O6,2-Prop-2-enoyloxyethyl 6-(2-methylprop-2-enoyloxy)hexanoate,CC(=C)C(=O)OCCCCCC(=O)OCCOC(=O)C=C,Lipids and lipid-like molecules,Carboxylic acids and derivatives,Fatty acids and conjugates,-2.2897,-4.7423,0.025023
299.14_15.66,Sirius,[M + H]+,299.1492,15.666,C15H22O6,"2-O-ethyl 1-O,1-O-bis(2-methylprop-2-enyl) ethane-1,1,2-tricarboxylate",CCOC(=O)CC(C(=O)OCC(=C)C)C(=O)OCC(=C)C,Lipids and lipid-like molecules,Carboxylic acids and derivatives,Monoterpenoids,2.6669,-4.2863,0.0095038
299.15_13.91,Sirius,[M + H]+,299.1512,13.9113,C15H22O6,"(Z)-4-[(1S,2R,6R,8R,9S)-4,4,11,11-tetramethyl-3,5,7,10,12-pentaoxatricyclo[7.3.0.02,6]dodecan-8-yl]but-3-en-2-one",CC(=O)C=CC1C2C(C3C(O1)OC(O3)(C)C)OC(O2)(C)C,Lipids and lipid-like molecules,Dioxolopyrans,Sesquiterpenoids,-2.2297,-5.2836,0.028979
299.16_26.59,Sirius,[M + H]+,299.1613,26.5936,C19H22O3,"2H-1-Benzopyran-2-one, 7-[[(2E)-3,7-dimethyl-2,6-octadienyl]oxy]-",CC(=CCCC(=CCOC1=CC2=C(C=C1)C=CC(=O)O2)C)C,Phenylpropanoids and polyketides,Prenol lipids,Unassigned,-2.9163,-4.0613,0.0047642
299.16_26.72,Sirius,[M + H]+,299.1624,26.7211,C19H22O3,(4-(Hexyloxy)-2-hydroxyphenyl)(phenyl)methanone,CCCCCCOC1=CC(=C(C=C1)C(=O)C2=CC=CC=C2)O,Benzenoids,Benzene and substituted derivatives,Unassigned,-3.2545,-2.3143,0.0017439
303.08_1.546,Sirius,[M + H]+,303.0895,1.5465,C11H12F2N4O4,"5-amino-2-[(2R,4S,5R)-3-fluoro-3-(3-fluoroprop-1-ynyl)-4-hydroxy-5-(hydroxymethyl)oxolan-2-yl]-1,2,4-triazin-3-one",C1=NN(C(=O)N=C1N)C2C(C(C(O2)CO)O)(C#CCF)F,Organoheterocyclic compounds,Triazines,Pyrimidines and pyrimidine derivatives,-3.0934,-3.1755,0.0028431
303.08_24.61,Sirius,[M + H]+,303.0858,24.6144,C16H14O6,Sternbin,COC1=CC(=C2C(=O)CC(OC2=C1)C3=CC(=C(C=C3)O)O)O,Organoheterocyclic compounds,Flavonoids,1-benzopyrans,-3.0839,-3.2016,0.0029241
308.22_18.08,Sirius,[M + Na]+,308.2218,18.0808,C16H31NO3,N-Myristoylglycine,CCCCCCCCCCCCCC(=O)NCC(=O)O,Organic acids and derivatives,Carboxylic acids and derivatives,"Amino acids, peptides, and analogues",-2.1307,-5.4881,0.03663
310.23_25.73,Sirius,[M + H]+,310.2349,25.7377,C14H27N7O,"4-N,6-N-diethyl-2-N-(3-morpholin-4-ylpropyl)-1,3,5-triazine-2,4,6-triamine",CCNC1=NC(=NC(=N1)NCCCN2CCOCC2)NCC,Organoheterocyclic compounds,Triazines,Aminotriazines,2.0715,-5.1923,0.041961
311.12_0.983,GNPS,[M + H]+,311.1251,0.9835,C14H18N2O6,Glu-Tyr,O=C(O)C(N)CCC(=O)NC(C(=O)O)CC1=CC=C(O)C=C1,Organic acids and derivatives,Carboxylic acids and derivatives,"Amino acids, peptides, and analogues",2.0598,-5.2152,0.043098
311.15_13.20,Sirius,[M + H]+,311.1583,13.2096,C15H22N2O5,"6-[(3,4-Dimethoxyphenyl)carbamoylamino]hexanoic acid",COC1=C(C=C(C=C1)NC(=O)NCCCCCC(=O)O)OC,Organic acids and derivatives,Benzene and substituted derivatives,Carboxylic acid derivatives,2.0604,-5.6285,0.043081
311.15_24.35,Sirius,[M + H]+,311.1526,24.3548,C12H21F3N4S,"N'-[[1-(2,2,2-trifluoroethyl)pyrrolidin-3-yl]methyl]thiomorpholine-4-carboximidamide",C1CN(CC1CN=C(N)N2CCSCC2)CC(F)(F)F,Organic nitrogen compounds,Thiazinanes,Amines,-2.1061,-5.5378,0.038786
313.15_17.26,Sirius,[M + Na]+,313.1574,17.2612,C13H26N2O3S,5-piperidin-1-ylsulfonyl-N-propylpentanamide,CCCNC(=O)CCCCS(=O)(=O)N1CCCCC1,Organic acids and derivatives,Fatty Acyls,"Amino acids, peptides, and analogues",-2.1861,-6.3249,0.03218
315.22_7.478,Sirius,[M + H]+,315.2271,7.4786,C16H30N2O4,Ethyl 2-acetamido-7-oxo-7-(pentylamino)heptanoate,CCCCCNC(=O)CCCCC(C(=O)OCC)NC(=O)C,Organic acids and derivatives,Carboxylic acids and derivatives,"Amino acids, peptides, and analogues",2.0457,-5.6573,0.04455
315.26_19.87,Sirius,[M + H]+,315.2651,19.8768,C17H34N2O3,3-(Decanoylamino)propyl(carboxymethyl)dimethylammonium,CCCCCCCCCC(=O)NCCC[N+](C)(C)CC(=O)O,Organic acids and derivatives,Carboxylic acids and derivatives,"Amino acids, peptides, and analogues",2.278,-4.7673,0.025747
316.13_10.89,Sirius,[M + H]+,316.1316,10.8926,C16H17N3O4,Pyroglutamyltryptophan,C1CC(=O)NC1C(=O)NC(CC2=CNC3=CC=CC=C32)C(=O)O,Organic acids and derivatives,Carboxylic acids and derivatives,"Amino acids, peptides, and analogues",2.0583,-5.2182,0.043246
316.21_17.58,Sirius,[M + H]+,316.2124,17.5843,C14H28F3NO3,"N-[2-[2-(2-butoxyethoxy)ethoxy]ethyl]-4,4,4-trifluorobutan-2-amine",CCCCOCCOCCOCCNC(C)CC(F)(F)F,Organohalogen compounds,Organonitrogen compounds,Fluorohydrins,-2.1096,-5.5306,0.038469
318.22_15.33,Sirius,[M + H]+,318.2265,15.3345,C17H29F2NO2,"3,3-difluoro-N-(2-oxocyclopentyl)dodecanamide",CCCCCCCCCC(CC(=O)NC1CCCC1=O)(F)F,Organic acids and derivatives,Fatty Acyls,"Amino acids, peptides, and analogues",-2.0256,-5.2817,0.046576
318.22_16.95,Sirius,[M + H]+,318.2248,16.953,C12H27N7O3,Nitrilotrisethylenetris(nitrosoethylamine),CCN(CCN(CCN(CC)N=O)CCN(CC)N=O)N=O,Organic acids and derivatives,Organonitrogen compounds,"Amino acids, peptides, and analogues",-2.0644,-5.2062,0.042647
320.20_25.59,Sirius,[M + H]+,320.2073,25.5954,C15H29NO6,2-[2-[2-[2-(2-oxobutoxy)ethoxy]ethoxy]ethoxy]-N-propan-2-ylacetamide,CCC(=O)COCCOCCOCCOCC(=O)NC(C)C,Organic acids and derivatives,Organooxygen compounds,"Amino acids, peptides, and analogues",-3.1187,-2.6961,0.0026272
321.13_14.08,Sirius,[M + H]+,321.1357,14.0885,C14H24O6S,"Diethyl 5-(hydroxymethyl)-1,3-oxathiolane-2,2-dipropanoate",CCOC(=O)CCC1(OC(CS1)CO)CCC(=O)OCC,Organic acids and derivatives,Thioacetals,Sulfuric acid esters,-2.2068,-5.7419,0.030629
321.15_2.803,Sirius,[M + Na]+,321.1583,2.8033,C10H26N4O4S,"Bis(1,5-diaminopentyl) sulfate",C(CCN)CC(N)OS(=O)(=O)OC(CCCCN)N,Organic acids and derivatives,Organic sulfuric acids and derivatives,Organosulfonic acids and derivatives,-2.4585,-4.3676,0.016399
322.18_19.97,Sirius,[M + H]+,322.1877,19.9771,C14H27NO7,t-Boc-N-amido-PEG3-acid,CC(C)(C)OC(=O)NCCOCCOCCOCCC(=O)O,Organic acids and derivatives,Carboxylic acids and derivatives,"Amino acids, peptides, and analogues",-2.2746,-5.5982,0.026014
324.21_14.72,Sirius,[M + H]+,324.2123,14.7232,C14H25N7O2,1-[(Isopropylcarbamoyl)amino]-N-[2-(2H-tetrazol-2-yl)ethyl]cyclohexanecarboxamide,CC(C)NC(=O)NC1(CCCCC1)C(=O)NCCN2N=CN=N2,Organic acids and derivatives,Carboxylic acids and derivatives,"Amino acids, peptides, and analogues",-2.2127,-5.3193,0.030183
324.21_18.27,Sirius,[M + H]+,324.215,18.2787,C13H29N3O6,H2N-PEG5-Hydrazide,C(COCCOCCOCCOCCOCCN)C(=O)NN,Organic acids and derivatives,Carboxylic acids and derivatives,"Amino acids, peptides, and analogues",-2.6032,-4.4408,0.011269
326.23_15.28,Sirius,[M + H]+,326.2323,15.2837,C18H31NO4,18-Nitrooctadec-9-ynoic acid,C(CCCC[N+](=O)[O-])CCCC#CCCCCCCCC(=O)O,Organic acids and derivatives,Carboxylic acids and derivatives,"Amino acids, peptides, and analogues",-2.1366,-5.0621,0.036087
326.23_17.17,Sirius,[M + H]+,326.2306,17.1706,C14H27N7O2,"tert-butyl N-[3-[[N'-methyl-N-[(2-methyl-1,2,4-triazol-3-yl)methyl]carbamimidoyl]amino]propyl]carbamate",CC(C)(C)OC(=O)NCCCNC(=NC)NCC1=NC=NN1C,Organic acids and derivatives,Azoles,"Amino acids, peptides, and analogues",-2.4431,-4.4029,0.017061
326.23_18.86,Sirius,[M + H]+,326.2319,18.8678,C14H27N7O2,"2-[[ethylamino-[2-(3-ethyl-1,2,4-triazol-4-yl)ethylamino]methylidene]amino]-N-(2-methoxyethyl)acetamide",CCC1=NN=CN1CCNC(=NCC(=O)NCCOC)NCC,Organic acids and derivatives,Carboxylic acids and derivatives,"Amino acids, peptides, and analogues",-2.4251,-4.4436,0.017857
326.23_20.44,Sirius,[M + H]+,326.2323,20.4476,C14H27N7O2,"tert-butyl N-[2-[[N-[(4-ethyl-1,2,4-triazol-3-yl)methyl]-N'-methylcarbamimidoyl]amino]ethyl]carbamate",CCN1C=NN=C1CNC(=NC)NCCNC(=O)OC(C)(C)C,Organic acids and derivatives,Azoles,"Amino acids, peptides, and analogues",-2.3183,-4.6806,0.02333
327.20_8.362,Sirius,[M + H]+,327.2016,8.3626,C14H30O8,Heptaethylene glycol,C(COCCOCCOCCOCCOCCOCCO)O,Organic oxygen compounds,Organooxygen compounds,Ethers,2.9466,-3.1621,0.004348
327.21_17.76,Sirius,[M + H]+,327.2131,17.7644,C14H26N6O3,(2S)-1-[(2S)-2-aminopropanoyl]-N-[(2S)-5-(diaminomethylideneamino)-1-oxopentan-2-yl]pyrrolidine-2-carboxamide,CC(C(=O)N1CCCC1C(=O)NC(CCCN=C(N)N)C=O)N,Organic acids and derivatives,Carboxylic acids and derivatives,"Amino acids, peptides, and analogues",-2.5608,-4.9516,0.012616
328.24_18.94,Sirius,[M + H]+,328.2486,18.9428,C18H33NO4,2-(2-Oxohexadecanamido)Acetic Acid,CCCCCCCCCCCCCCC(=O)C(=O)NCC(=O)O,Organic acids and derivatives,Carboxylic acids and derivatives,"Amino acids, peptides, and analogues",-2.4706,-4.34,0.0159
331.22_8.171,Sirius,[M + H]+,331.2224,8.1715,C16H30N2O5,"Pentanoic acid, 5-[[6-[[(1,1-dimethylethoxy)carbonyl]amino]hexyl]amino]-5-oxo-",CC(C)(C)OC(=O)NCCCCCCNC(=O)CCCC(=O)O,Organic acids and derivatives,Fatty Acyls,"Amino acids, peptides, and analogues",3.4876,-2.0391,0.00084682
332.20_12.03,Sirius,[M + H]+,332.2028,12.0394,C17H27F2NO3,"2,2-difluoro-3-oxo-N-[(1S)-2-oxocyclopentyl]dodecanamide",CCCCCCCCCC(=O)C(C(=O)NC1CCCC1=O)(F)F,Organic acids and derivatives,Fatty Acyls,"Amino acids, peptides, and analogues",-2.6349,-3.9526,0.010334
334.22_11.75,Sirius,[M + H]+,334.2212,11.7551,C17H27N5O2,4-(2-Morpholin-4-yl-6-piperidin-1-ylpyrimidin-4-yl)morpholine,C1CCN(CC1)C2=CC(=NC(=N2)N3CCOCC3)N4CCOCC4,Alkaloids and derivatives,Heteroaromatic compounds,Unassigned,-2.259,-4.8081,0.026969
334.29_21.08,Sirius,[M + H]+,334.296,21.0841,C18H39NO4,1-[Bis(2-hydroxyethyl)amino]-3-undecyloxy-2-propanol,CCCCCCCCCCCOCC(CN(CCO)CCO)O,Organic nitrogen compounds,Organonitrogen compounds,Amines,-2.0998,-5.136,0.039311
339.16_0.955,Sirius,[M + H]+,339.165,0.9551,C15H22N4O5,N-[(R)-5-Guanidino-2-hydroxypentanoyl]-L-tyrosine,C1=CC(=CC=C1CC(C(=O)O)NC(=O)C(CCCN=C(N)N)O)O,Organic acids and derivatives,Carboxylic acids and derivatives,"Amino acids, peptides, and analogues",2.3108,-5.11,0.023796
340.21_15.57,Sirius,[M + H]+,340.2105,15.5712,C14H25N7O3,Bursopoietin,C1=NC=NC1CC(C(=O)NCC(=O)N)NC(=O)C(CCCCN)N,Organic acids and derivatives,Carboxylic acids and derivatives,"Amino acids, peptides, and analogues",-2.0734,-6.0134,0.04184
341.18_8.512,Sirius,[M + H]+,341.1805,8.5128,C15H24N4O5,"2-[4-(Carboxymethyl)-7-[2-oxo-2-(prop-2-ynylamino)ethyl]-1,4,7-triazonan-1-yl]acetic acid",C#CCNC(=O)CN1CCN(CCN(CC1)CC(=O)O)CC(=O)O,Organic acids and derivatives,Carboxylic acids and derivatives,"Amino acids, peptides, and analogues",2.3511,-5.0217,0.021539
342.22_13.58,Sirius,[M + H]+,342.2216,13.5822,C14H27N7O3,H-Gly-DL-Pro-DL-Arg-NHMe,CNC(=O)C(CCCN=C(N)N)NC(=O)C1CCCN1C(=O)CN,Organic acids and derivatives,Polypeptides,"Amino acids, peptides, and analogues",-2.0507,-6.058,0.044063
342.22_14.62,Sirius,[M + H]+,342.2265,14.6262,C19H27N5O,"2-Cyclohexyl-5-{[4-(5-methyl-1,2,4-oxadiazol-3-YL)piperidin-1-YL]methyl}pyrimidine",CC1=NC(=NO1)C2CCN(CC2)CC3=CN=C(N=C3)C4CCCCC4,Organic oxygen compounds,Organonitrogen compounds,Ethers,-2.7995,-4.3641,0.0066187
342.22_14.79,Sirius,[M + H]+,342.2261,14.7908,C16H30F3NO3,"N-(6-hydroxyhexyl)-7-(3,3,3-trifluoropropoxy)heptanamide",C(CCCOCCC(F)(F)F)CCC(=O)NCCCCCCO,Organic acids and derivatives,Fatty Acyls,"Amino acids, peptides, and analogues",-2.7271,-4.1374,0.0080703
342.22_22.46,Sirius,[M + H]+,342.2281,22.4644,C14H27N7O3,"2-[[4-[2-[2-(2-Aminoethoxy)ethoxy]ethylamino]-6-(cyclopropylamino)-1,3,5-triazin-2-yl]amino]ethanol",C1CC1NC2=NC(=NC(=N2)NCCOCCOCCN)NCCO,Organic nitrogen compounds,Carboxylic acids and derivatives,Guanidines,-2.4496,-4.3881,0.016779
343.29_24.31,GNPS,M,343.2964,24.3189,C19H39N2O3,Lauramidopropylbetaine,CCCCCCCCCCCC(=O)NCCC[N+](C)(C)CC(O)=O,Organic acids and derivatives,Carboxylic acids and derivatives,"Amino acids, peptides, and analogues",2.0847,-5.991,0.040772
344.22_8.329,Sirius,[M + H]+,344.2278,8.3292,C15H29N5O4,H-Ala-Lys-Ala-Ala-al,CC(C=O)NC(=O)C(C)NC(=O)C(CCCCN)NC(=O)C(C)N,Organic acids and derivatives,Carboxylic acids and derivatives,"Amino acids, peptides, and analogues",3.2625,-2.2914,0.0017015
344.24_15.25,Sirius,[M + H]+,344.2426,15.2511,C14H29N7O3,Gly-Arg-Lys,C(CCN)CC(C=O)NC(=O)C(CCCN=C(N)N)NC(=O)CN,Organic acids and derivatives,Carboxylic acids and derivatives,"Amino acids, peptides, and analogues",-2.6119,-4.42,0.011012
344.24_15.42,Sirius,[M + H]+,344.2414,15.424,C14H29N7O3,Gly-Arg-Lys,C(CCN)CC(C=O)NC(=O)C(CCCN=C(N)N)NC(=O)CN,Organic acids and derivatives,Carboxylic acids and derivatives,"Amino acids, peptides, and analogues",-2.3818,-4.5408,0.019922
344.24_18.93,Sirius,[M + H]+,344.2427,18.9365,C14H29N7O3,Gly-Arg-Lys,C(CCN)CC(C=O)NC(=O)C(CCCN=C(N)N)NC(=O)CN,Organic nitrogen compounds,Carboxylic acids and derivatives,Guanidines,-3.0469,-3.3026,0.0032596
344.24_20.59,Sirius,[M + H]+,344.2433,20.5992,C14H29N7O3,Gly-Arg-Lys,C(CCN)CC(C=O)NC(=O)C(CCCN=C(N)N)NC(=O)CN,Organic acids and derivatives,Carboxylic acids and derivatives,"Amino acids, peptides, and analogues",-2.2411,-4.8459,0.028158
344.24_22.87,Sirius,[M + H]+,344.2435,22.8734,C14H29N7O3,Gly-Arg-Lys,C(CCN)CC(C=O)NC(=O)C(CCCN=C(N)N)NC(=O)CN,Organic acids and derivatives,Carboxylic acids and derivatives,"Amino acids, peptides, and analogues",-2.2828,-5.5807,0.025501
344.29_25.39,Sirius,[M + H]+,344.2901,25.394,C18H37N3O3,[3-(Dodecanoylamino)propyl]dimethyl(carboxyamino)aminium,CCCCCCCCCCCC(=O)NCCC[N+](C)(C)NC(=O)O,Organic acids and derivatives,Fatty Acyls,"Amino acids, peptides, and analogues",-2.536,-4.1882,0.013421
345.15_19.76,Sirius,[M + Na]+,345.1527,19.7666,C14H26O8,2-[2-[2-[2-[2-[2-(2-Hydroxyethynoxy)ethoxy]ethoxy]ethoxy]ethoxy]ethoxy]ethanol,C(COCCOCCOCCOCCOCCOC#CO)O,Organic oxygen compounds,Organooxygen compounds,Carbohydrates and carbohydrate conjugates,-2.6681,-4.6927,0.0094825
349.18_8.324,Sirius,[M + Na]+,349.1835,8.3245,C14H30O8,Heptaethylene glycol,C(COCCOCCOCCOCCOCCOCCO)O,Lipids and lipid-like molecules,Organooxygen compounds,Fatty acyl glycosides,4.1427,0.45735,0.0000937
351.21_22.24,Sirius,[M + H]+,351.2153,22.2414,C24H27FO,"4-[(1E,3R)-3-[(E)-2-(4-fluorophenyl)ethenyl]-3,7-dimethylocta-1,6-dienyl]phenol",CC(=CCCC(C)(C=CC1=CC=C(C=C1)O)C=CC2=CC=C(C=C2)F)C,Lipids and lipid-like molecules,Benzene and substituted derivatives,Sesquiterpenoids,-2.548,-4.9818,0.013044
351.21_22.58,Sirius,[M + Na]+,351.2144,22.5871,C16H29FN4O2,5-[[5-Fluoro-6-[(4-hydroxy-2-methylpentyl)amino]pyrimidin-4-yl]amino]-4-methylpentan-2-ol,CC(CC(C)O)CNC1=C(C(=NC=N1)NCC(C)CC(C)O)F,Organic acids and derivatives,Carboxylic acids and derivatives,"Amino acids, peptides, and analogues",-2.0347,-6.0894,0.045695
353.16_17.22,Sirius,[M + H]+,353.1675,17.2291,C16H24N4O3S,N-phenyl-2-(4-pyrrolidin-1-ylsulfonylpiperazin-1-yl)acetamide,C1CCN(C1)S(=O)(=O)N2CCN(CC2)CC(=O)NC3=CC=CC=C3,Organoheterocyclic compounds,Carboxylic acids and derivatives,Pyrimidines and pyrimidine derivatives,-2.7342,-4.529,0.007925
356.17_2.059,Sirius,[M + H]+,356.1796,2.0596,C16H25N3O6,"L-Histidine, N,3-bis[(1,1-dimethylethoxy)carbonyl]-",CC(C)(C)OC(=O)NC(CC1=CN=CN1C(=O)OC(C)(C)C)C(=O)O,Organic acids and derivatives,Carboxylic acids and derivatives,"Amino acids, peptides, and analogues",2.4346,-4.4221,0.017432
360.23_14.71,Sirius,[M + H]+,360.2349,14.7102,C14H29N7O4,2-[[6-amino-2-[[2-amino-5-(diaminomethylideneamino)pentanoyl]amino]hexanoyl]amino]acetic acid,C(CCN)CC(C(=O)NCC(=O)O)NC(=O)C(CCCN=C(N)N)N,Organic acids and derivatives,Carboxylic acids and derivatives,"Amino acids, peptides, and analogues",-3.005,-3.0062,0.0036719
360.23_15.52,Sirius,[M + H]+,360.2312,15.528,C17H30FN3O4,N-[3-fluoro-3-methyl-1-(methylamino)-1-oxobutan-2-yl]-N'-hydroxy-2-(2-methylpropyl)-3-prop-2-enylbutanediamide,CC(C)CC(C(CC=C)C(=O)NO)C(=O)NC(C(=O)NC)C(C)(C)F,Organic acids and derivatives,Carboxylic acids and derivatives,"Amino acids, peptides, and analogues",-2.4509,-4.3851,0.016724
361.19_1.131,Sirius,[M + H]+,361.1992,1.1311,C16H28N2O7,Diethyl 2-[(2-amino-5-ethoxy-5-oxopentanoyl)amino]pentanedioate,CCOC(=O)CCC(C(=O)NC(CCC(=O)OCC)C(=O)OCC)N,Organic acids and derivatives,Carboxylic acids and derivatives,"Amino acids, peptides, and analogues",-2.3915,-4.5191,0.019441
362.16_3.429,Sirius,[M + H]+,362.1684,3.4296,C16H22F3N3O3,1-(3-Methoxypropyl)-3-[4-morpholin-4-yl-2-(trifluoromethyl)phenyl]urea,COCCCNC(=O)NC1=C(C=C(C=C1)N2CCOCC2)C(F)(F)F,Organic acids and derivatives,Oxazinanes,"Amino acids, peptides, and analogues",-2.0949,-6.5108,0.039833
362.23_14.65,Sirius,[M + H]+,362.2354,14.6516,C18H32FNO5,tert-Butyl 3-fluoro-4-hydroxy-4-(3-((tetrahydro-2H-pyran-2-yl)oxy)propyl)piperidine-1-carboxylate,CC(C)(C)OC(=O)N1CCC(C(C1)F)(CCCOC2CCCCO2)O,Organic acids and derivatives,Piperidines,"Amino acids, peptides, and analogues",2.1779,-4.9778,0.032752
362.24_18.66,Sirius,[M + H]+,362.2492,18.6626,C25H31NO,2-[5-(3-methylphenyl)-1-octylindol-3-yl]acetaldehyde,CCCCCCCCN1C=C(C2=C1C=CC(=C2)C3=CC=CC(=C3)C)CC=O,Organoheterocyclic compounds,Indoles and derivatives,Naphthoylindoles,-1.9946,-5.3412,0.049937
362.25_15.28,Sirius,[M + H]+,362.2538,15.2867,C19H31N5O2,N-(1-Cyanocyclobutyl)-2-{4-[(cyclohexylcarbamoyl)amino]-1-piperidinyl}acetamide,C1CCC(CC1)NC(=O)NC2CCN(CC2)CC(=O)NC3(CCC3)C#N,Organic acids and derivatives,Carboxylic acids and derivatives,"Amino acids, peptides, and analogues",-2.723,-3.7363,0.008141
362.25_15.52,Sirius,[M + H]+,362.2538,15.5245,C19H31N5O2,N-[1-(6-ethylpyrimidin-4-yl)piperidin-4-yl]-2-(2-hydroxyethyl)piperidine-1-carboxamide,CCC1=CC(=NC=N1)N2CCC(CC2)NC(=O)N3CCCCC3CCO,Lipids and lipid-like molecules,Piperidines,Fatty acids and conjugates,-3.6362,-1.5857,0.00052475
362.25_16.72,Sirius,[M + H]+,362.2524,16.7293,C19H31N5O2,N-(1-Cyanocyclobutyl)-2-{4-[(cyclohexylcarbamoyl)amino]-1-piperidinyl}acetamide,C1CCC(CC1)NC(=O)NC2CCN(CC2)CC(=O)NC3(CCC3)C#N,Organic acids and derivatives,Carboxylic acids and derivatives,"Amino acids, peptides, and analogues",-2.0141,-5.7185,0.047842
362.25_17.19,Sirius,[M + H]+,362.2531,17.1997,C18H35NO6,N-Lauroylglucosamine,CCCCCCCCCCCC(=O)NC(C=O)C(C(C(CO)O)O)O,Organic acids and derivatives,Organooxygen compounds,"Amino acids, peptides, and analogues",-2.0948,-5.5603,0.03981
363.16_8.462,Sirius,[M + H]+,363.163,8.4628,C13H18N10O3,"2-[2,6-bis(methylamino)purin-9-yl]-5-(2-methyltetrazol-5-yl)oxolane-3,4-diol",CNC1=C2C(=NC(=N1)NC)N(C=N2)C3C(C(C(O3)C4=NN(N=N4)C)O)O,Organoheterocyclic compounds,5'-deoxyribonucleosides,Purines and purine derivatives,3.0952,-3.1704,0.0028276
365.16_8.305,Sirius,[M + Na]+,365.16,8.3054,C14H30O7S,1-Deoxy-1-thio-heptaethylene glycol,C(COCCOCCOCCOCCOCCOCCS)O,Organic acids and derivatives,Organooxygen compounds,Sulfuric acid esters,2.6626,-3.8852,0.0095921
366.22_18.07,Sirius,[M + Na]+,366.2258,18.0776,C14H29N7O3,Gly-Arg-Lys,C(CCN)CC(C=O)NC(=O)C(CCCN=C(N)N)NC(=O)CN,Organic acids and derivatives,Carboxylic acids and derivatives,"Amino acids, peptides, and analogues",-2.3285,-5.4815,0.022797
366.22_18.86,Sirius,[M + H]+,366.2271,18.8634,C20H31NO5,"20-Nitrooxyicosa-5,8,11,14-tetraenoic acid",C(CCC=CCC=CCC=CCC=CCCCC(=O)O)CCO[N+](=O)[O-],Lipids and lipid-like molecules,Fatty Acyls,"Bile acids, alcohols and derivatives",-2.512,-4.6567,0.014315
367.20_6.606,Sirius,[M + H]+,367.2058,6.6064,C16H26N6O4,Pyr-Pro-Arg,C1CC(N(C1)C(=O)C2CCC(=O)N2)C(=O)NC(CCCN=C(N)N)C=O,Organic acids and derivatives,Carboxylic acids and derivatives,"Amino acids, peptides, and analogues",2.1609,-6.3769,0.034154
367.26_17.54,Sirius,[M + H]+,367.2648,17.5494,C25H34O2,(3R)-8''-apo-beta-caroten-12''-al-3-ol,CC1=C(C(CC(C1)O)(C)C)C=CC(=CC=CC(=CC=CC=C(C)C=O)C)C,Benzenoids,Prenol lipids,Unassigned,2.7144,-3.7577,0.0083347
371.22_9.774,Sirius,[M + H]+,371.2279,9.7745,C16H34O9,2-[2-[3-[2-(2-Hydroxyethoxy)ethoxy]-2-[2-(2-hydroxyethoxy)ethoxymethyl]propoxy]ethoxy]ethanol,C(COCCOCC(COCCOCCO)COCCOCCO)O,Organic oxygen compounds,Organooxygen compounds,Ethers,2.5302,-4.2019,0.013628
371.22_9.780,Sirius,[M + H]+,371.228,9.7808,C16H34O9,Octaethylene glycol,C(COCCOCCOCCOCCOCCOCCOCCO)O,Organic oxygen compounds,Organooxygen compounds,Ethers,2.5728,-4.1015,0.012188
378.24_12.75,Sirius,[M + H]+,378.2406,12.7508,C20H31N3O4,2-[[2-[(2-amino-3-methylbutanoyl)amino]-4-methylpentanoyl]amino]-3-phenylpropanoic acid,CC(C)CC(C(=O)NC(CC1=CC=CC=C1)C(=O)O)NC(=O)C(C(C)C)N,Organic acids and derivatives,Carboxylic acids and derivatives,"Amino acids, peptides, and analogues",-2.3975,-4.9186,0.019181
378.32_21.34,Sirius,[M + H]+,378.3221,21.3496,C20H43NO5,"3,6,12-Trioxa-9-azatetradecane-1,14-diol, 9-decyl-",CCCCCCCCCCN(CCOCCO)CCOCCOCCO,Organic oxygen compounds,Organonitrogen compounds,Ethers,-2.222,-4.8862,0.029484
379.14_12.01,Sirius,[M + H]+,379.141,12.016,C19H22O8,"methyl 3-[1-(3,4-dimethoxyphenyl)-1-hydroxypropan-2-yl]oxy-4,5-dihydroxybenzoate",CC(C(C1=CC(=C(C=C1)OC)OC)O)OC2=CC(=CC(=C2O)O)C(=O)OC,Phenylpropanoids and polyketides,Unassigned,Chalcones and dihydrochalcones,2.7524,-4.0739,0.0075282
380.22_19.47,Sirius,[M + H]+,380.2267,19.4738,C18H29N5O4,2-[3-[6-(Cyclohexylcarbamoylamino)hexanoylamino]pyrazol-1-yl]acetic acid,C1CCC(CC1)NC(=O)NCCCCCC(=O)NC2=NN(C=C2)CC(=O)O,Organic acids and derivatives,Carboxylic acids and derivatives,"Amino acids, peptides, and analogues",-2.8608,-4.2064,0.0055757
382.22_15.40,Sirius,[M + H]+,382.222,15.4039,C16H27N7O4,Ac-Lys-His-Gly-NH2,CC(=O)NC(CCCCN)C(=O)NC(CC1=CN=CN1)C(=O)NCC(=O)N,Organic acids and derivatives,Polypeptides,"Amino acids, peptides, and analogues",-2.1758,-5.8063,0.032967
385.20_9.943,Sirius,[M + H]+,385.2075,9.9433,C17H28N4O6,Ac-Pro-Leu-Gly-Gly-OH,CC(C)CC(C(=O)NCC(=O)NCC(=O)O)NC(=O)C1CCCN1C(=O)C,Organic acids and derivatives,Carboxylic acids and derivatives,"Amino acids, peptides, and analogues",2.3861,-4.9441,0.019737
388.25_9.755,Sirius,[M + H]+,388.2541,9.7551,C17H33N5O5,H-Ile-aThr-Gly-Orn-al,CCC(C)C(C(=O)NC(C(C)O)C(=O)NCC(=O)NC(CCCN)C=O)N,Organic acids and derivatives,Polypeptides,"Amino acids, peptides, and analogues",2.945,-3.1663,0.0043678
390.18_0.881,Sirius,[M + H]+,390.1869,0.8816,C16H27N3O8,2-[[2-[(2-Amino-4-carboxybutanoyl)amino]-4-methylpentanoyl]amino]pentanedioic acid,CC(C)CC(C(=O)NC(CCC(=O)O)C(=O)O)NC(=O)C(CCC(=O)O)N,Organic acids and derivatives,Carboxylic acids and derivatives,"Amino acids, peptides, and analogues",2.056,-5.2226,0.043471
390.18_2.662,Sirius,[M + H]+,390.1889,2.6624,C16H27N3O8,2-[[2-[(2-Amino-4-carboxybutanoyl)amino]-4-methylpentanoyl]amino]pentanedioic acid,CC(C)CC(C(=O)NC(CCC(=O)O)C(=O)O)NC(=O)C(CCC(=O)O)N,Organic acids and derivatives,Carboxylic acids and derivatives,"Amino acids, peptides, and analogues",-2.1769,-5.804,0.03288
390.28_18.31,Sirius,[M + H]+,390.2827,18.3134,C21H43NOS2,(Didecylamino)oxymethanedithioic acid,CCCCCCCCCCN(CCCCCCCCCC)OC(=S)S,Lipids and lipid-like molecules,Unassigned,Fatty amides,-2.3874,-5.8909,0.019694
390.28_19.85,Sirius,[M + H]+,390.2818,19.8513,C16H35N7O4,"2-[(2R,3R,6S)-2-[(2S,4R,6R)-2-amino-4-[(3-amino-2-hydroxypropyl)amino]-6-hydroxycyclohexyl]oxy-6-(aminomethyl)oxan-3-yl]guanidine",C1CC(C(OC1CN)OC2C(CC(CC2O)NCC(CN)O)N)N=C(N)N,Organic acids and derivatives,Organooxygen compounds,"Amino acids, peptides, and analogues",-2.3481,-4.6153,0.021669
390.28_20.71,Sirius,[M + H]+,390.2852,20.7185,C21H35N5O2,N-(1-Cyanocyclohexyl)-2-{4-[(cyclohexylcarbamoyl)amino]-1-piperidinyl}acetamide,C1CCC(CC1)NC(=O)NC2CCN(CC2)CC(=O)NC3(CCCCC3)C#N,Organic nitrogen compounds,Carboxylic acids and derivatives,Amines,-2.0787,-5.5923,0.041311
394.21_9.756,Sirius,[M + H]+,394.2121,9.7566,C15H31N5O5S,methyl N-[2-[(2R)-2-amino-3-[[(2S)-1-[3-(dimethylamino)propylamino]-3-hydroxy-1-oxopropan-2-yl]amino]-3-oxopropyl]sulfanylethyl]carbamate,CN(C)CCCNC(=O)C(CO)NC(=O)C(CSCCNC(=O)OC)N,Organic acids and derivatives,Carboxylic acids and derivatives,"Amino acids, peptides, and analogues",2.838,-4.2653,0.0059442
395.26_20.63,Sirius,[M + K]+,395.2641,20.6363,C20H40N2O3,N-butyl-N'-(3-methoxypropyl)dodecanediamide,CCCCNC(=O)CCCCCCCCCCC(=O)NCCCOC,Organic acids and derivatives,Fatty Acyls,"Amino acids, peptides, and analogues",-2.579,-4.9082,0.012024
399.19_10.15,Sirius,[M + H]+,399.1922,10.1556,C22H26N2O5,"[4-(3,4-Dimethoxybenzoyl)piperazin-1-yl]-(4-ethoxyphenyl)methanone",CCOC1=CC=C(C=C1)C(=O)N2CCN(CC2)C(=O)C3=CC(=C(C=C3)OC)OC,Organic acids and derivatives,Benzene and substituted derivatives,"Amino acids, peptides, and analogues",2.2435,-6.2045,0.028055
399.23_19.57,Sirius,[M + H]+,399.2343,19.572,C21H34O7,2-[5-[2-[2-[5-(2-Oxopropyl)oxolan-2-yl]propanoyloxy]butyl]oxolan-2-yl]propanoic acid,CCC(CC1CCC(O1)C(C)C(=O)O)OC(=O)C(C)C2CCC(O2)CC(=O)C,Lipids and lipid-like molecules,Carboxylic acids and derivatives,Fatty acid esters,-2.5127,-5.0648,0.014302
409.16_24.46,Sirius,[M + H]+,409.1639,24.4684,C19H24N2O8,(2S)-2-[[(2S)-2-benzamido-5-ethoxy-5-oxopentanoyl]amino]pentanedioic acid,CCOC(=O)CCC(C(=O)NC(CCC(=O)O)C(=O)O)NC(=O)C1=CC=CC=C1,Organic oxygen compounds,Carboxylic acids and derivatives,Carbohydrates and carbohydrate conjugates,-2.7627,-4.0482,0.0073194
411.24_16.64,Sirius,[M + Na]+,411.2434,16.6498,C15H32N8O4,1-Ethyl-3-[2-[4-[2-(methylcarbamoylamino)ethylcarbamoylamino]butylcarbamoylamino]ethyl]urea,CCNC(=O)NCCNC(=O)NCCCCNC(=O)NCCNC(=O)NC,Organic acids and derivatives,Organic carbonic acids and derivatives,"Amino acids, peptides, and analogues",-2.5167,-5.0554,0.014153
413.18_17.72,Sirius,[M + Na]+,413.1851,17.7236,C18H28F2N2O5,propionyl-Ile-Unk-Pro-OH,CCC(C)C(C(=O)C(CC(=O)N1CCCC1C(=O)O)C(F)F)NC(=O)CC,Organic acids and derivatives,Carboxylic acids and derivatives,"Amino acids, peptides, and analogues",-2.602,-5.3927,0.01132
415.21_25.83,GNPS,[M -2H2O + H]+,415.2127,25.8372,C24H32O7,Niranthin,COCC(CC1=CC=C(OC)C(OC)=C1)C(COC)CC2=CC3=C(OCO3)C(OC)=C2,"Lignans, neolignans and related compounds",Dibenzylbutane lignans,Unassigned,-2.0003,-5.3304,0.049303
415.21_26.18,Sirius,[M + H]+,415.2129,26.1887,C24H30O6,8-(4-methoxybenzoyl)oxyoctyl 4-methoxybenzoate,COC1=CC=C(C=C1)C(=O)OCCCCCCCCOC(=O)C2=CC=C(C=C2)OC,Organic oxygen compounds,Benzene and substituted derivatives,Ethers,-2.7946,-3.9673,0.0067
415.25_10.76,GNPS,[M + H]+,415.2542,10.7626,C18H38O10,Nonaethylene glycol,C(COCCOCCOCCOCCOCCOCCOCCOCCO)O,Organic oxygen compounds,Organooxygen compounds,Ethers,2.5322,-4.1971,0.013554
415.31_24.71,Sirius,[M + H]+,415.3167,24.7174,C22H42N2O5,"[14-[[(1R)-1,3-dicarboxypropyl]amino]-2-oxotetradecyl]-trimethylazanium",C[N+](C)(C)CC(=O)CCCCCCCCCCCCNC(CCC(=O)O)C(=O)O,Organic acids and derivatives,Carboxylic acids and derivatives,"Amino acids, peptides, and analogues",-3.1567,-2.9997,0.0023543
416.21_25.45,Sirius,[M + Na]+,416.2158,25.4525,C20H31N3O5,tert-butyl N-[6-[3-(2-hydroxyphenyl)propanoylamino]hexanoylamino]carbamate,CC(C)(C)OC(=O)NNC(=O)CCCCCNC(=O)CCC1=CC=CC=C1O,Organic acids and derivatives,Phenols,"Amino acids, peptides, and analogues",-3.6758,-1.0559,0.00045805
416.21_25.70,Sirius,[M + H]+,416.2159,25.704,C22H29N3O5,"2-[[2-[(2,4-dimethoxyphenyl)methyl-methylamino]acetyl]-methylamino]-N-(3-methoxyphenyl)acetamide",CN(CC1=C(C=C(C=C1)OC)OC)CC(=O)N(C)CC(=O)NC2=CC(=CC=C2)OC,Organic acids and derivatives,Peptidomimetics,"Amino acids, peptides, and analogues",-2.1562,-5.4362,0.034507
417.15_20.26,Sirius,[M + H]+,417.1564,20.2661,C15H28O13,"(2R,3S,4S,5R)-2-(hydroxymethyl)-6-[3-hydroxy-2-[(3R,4S,5S,6R)-3,4,5-trihydroxy-6-(hydroxymethyl)oxan-2-yl]oxypropoxy]oxane-3,4,5-triol",C(C1C(C(C(C(O1)OCC(CO)OC2C(C(C(C(O2)CO)O)O)O)O)O)O)O,Lipids and lipid-like molecules,Glycerolipids,Fatty acyl glycosides,-2.5056,-4.6717,0.014555
417.15_22.52,Sirius,[M + Na]+,417.1571,22.5277,C14H26N4O9,Ser-Thr-Ser-Thr,CC(C(C(=O)NC(CO)C(=O)NC(C(C)O)C(=O)O)NC(=O)C(CO)N)O,Organic acids and derivatives,Carboxylic acids and derivatives,"Amino acids, peptides, and analogues",-2.6511,-4.7342,0.0099248
419.26_26.19,Sirius,[M + Na]+,419.2658,26.1919,C20H36N4O4,"1,4,7,10-Tetra-(2-carbamoyl methyl)-cyclododecane",C1CC(CCC(CCC(CCC1CC(=O)N)CC(=O)N)CC(=O)N)CC(=O)N,Organic acids and derivatives,Fatty Acyls,"Amino acids, peptides, and analogues",-2.784,-4.9429,0.0069137
425.22_22.15,Sirius,[M + Na]+,425.2242,22.1528,C19H34N2O7,(4S)-5-[(2-methylpropan-2-yl)oxy]-4-[[(2R)-5-[(2-methylpropan-2-yl)oxy]-5-oxopentan-2-yl]carbamoylamino]-5-oxopentanoic acid,CC(CCC(=O)OC(C)(C)C)NC(=O)NC(CCC(=O)O)C(=O)OC(C)(C)C,Organic acids and derivatives,Carboxylic acids and derivatives,"Amino acids, peptides, and analogues",-2.9665,-3.5194,0.0041192
425.23_22.14,Sirius,[M + Na]+,425.2317,22.1466,C24H34O5,"[(1E,3E,6Z,10E)-3-(acetyloxymethylidene)-7-formyl-11,15-dimethylhexadeca-1,6,10,14-tetraenyl] acetate",CC(=CCCC(=CCCC(=CCCC(=COC(=O)C)C=COC(=O)C)C=O)C)C,Benzenoids,Prenol lipids,Unassigned,-2.8476,-3.8314,0.0057775
429.23_10.87,Sirius,[M + H]+,429.2305,10.8728,C18H32N6O4S,1-Ethyl-2-(2-hydroxy-2-methyl-3-morpholin-4-ylpropyl)-3-[2-(pyridin-3-ylsulfonylamino)ethyl]guanidine,CCNC(=NCC(C)(CN1CCOCC1)O)NCCNS(=O)(=O)C2=CN=CC=C2,Organoheterocyclic compounds,Pyridines and derivatives,"1,3,5-triazines",2.5162,-4.6468,0.014158
432.23_25.69,Sirius,[M + H]+,432.2388,25.6991,C24H33NO6,Octyl (2Z)-2-cyano-3-[2-(3-ethoxy-3-oxopropoxy)-3-methoxyphenyl]acrylate,CCCCCCCCOC(=O)C(=CC1=C(C(=CC=C1)OC)OCCC(=O)OCC)C#N,Alkaloids and derivatives,Phenol ethers,Unassigned,-2.5356,-4.1891,0.013435
432.24_26.07,Sirius,[M + H]+,432.2403,26.0778,C21H37NO6S,Ethyl 7-[4-acetyloxynon-2-ynyl(methylsulfonyl)amino]heptanoate,CCCCCC(C#CCN(CCCCCCC(=O)OCC)S(=O)(=O)C)OC(=O)C,Organic acids and derivatives,Fatty Acyls,"Amino acids, peptides, and analogues",-2.5393,-4.1805,0.013306
432.28_10.73,Sirius,[M + H]+,432.2805,10.7328,C19H37N5O6,Unk-N(Boc)Orn(1)-NH2.H-Gly-(1),CC(C)(C)OC(=O)NCCN(C(CCCNC(=O)CN)C(=O)N)C(=O)OC(C)(C)C,Organic acids and derivatives,Carboxylic acids and derivatives,"Amino acids, peptides, and analogues",3.403,-1.8831,0.0011005
433.24_19.58,Sirius,[M + H]+,433.2489,19.5828,C19H36N4O5S,Ile-Gly-Met-Ile,CCC(C)C(C(=O)NCC(=O)NC(CCSC)C(=O)NC(C(C)CC)C(=O)O)N,Organic acids and derivatives,Carboxylic acids and derivatives,"Amino acids, peptides, and analogues",-3.0817,-4.1552,0.0029505
433.24_25.68,Sirius,[M + H]+,433.2428,25.6802,C23H28N8O,4-[6-[4-(6-Ethyl-2-pyridin-2-ylpyrimidin-4-yl)piperazin-1-yl]pyrimidin-4-yl]morpholine,CCC1=CC(=NC(=N1)C2=CC=CC=N2)N3CCN(CC3)C4=CC(=NC=N4)N5CCOCC5,Organic nitrogen compounds,Diazinanes,Amines,-2.1359,-5.0636,0.036153
437.23_10.74,Sirius,[M + H]+,437.2356,10.7432,C21H32N4O6,Phe-Ala-Thr-Val,CC(C)C(C(=O)O)NC(=O)C(C(C)O)NC(=O)C(C)NC(=O)C(CC1=CC=CC=C1)N,Organic acids and derivatives,Carboxylic acids and derivatives,"Amino acids, peptides, and analogues",3.4466,-1.7538,0.00095908
438.98_11.79,Sirius,[M + H]+,438.9827,11.7935,C14H15ClN2O6S3,N-[3-chloro-4-(methanesulfonamido)phenyl]-4-methylsulfonylbenzenesulfonamide,CS(=O)(=O)C1=CC=C(C=C1)S(=O)(=O)NC2=CC(=C(C=C2)NS(=O)(=O)C)Cl,Organic acids and derivatives,Benzene and substituted derivatives,"Amino acids, peptides, and analogues",2.2115,-5.3219,0.030273
441.21_17.52,Sirius,[M + H]+,441.2165,17.5217,C20H32N4O5S,Pro-Pro-Pro-Met,CSCCC(C(=O)O)NC(=O)C1CCCN1C(=O)C2CCCN2C(=O)C3CCCN3,Organic acids and derivatives,Carboxylic acids and derivatives,"Amino acids, peptides, and analogues",-2.3483,-5.438,0.021707
441.26_19.14,Sirius,[M + H]+,441.2614,19.1424,C20H33FN6O4,"N-[(2R)-3-[2-[(1Z)-1-[(Z)-1-aminopropylideneamino]-2-fluoro-3-(1,2-oxazolidin-2-yl)buta-1,3-dienyl]hydrazinyl]-2-(cyclopentylmethyl)-3-oxopropyl]-N-hydroxyformamide",CCC(=NC(=C(C(=C)N1CCCO1)F)NNC(=O)C(CC2CCCC2)CN(C=O)O)N,Organic acids and derivatives,Azolidines,"Amino acids, peptides, and analogues",2.116,-5.9284,0.037928
443.05_14.86,Sirius,[M + H]+,443.0526,14.8699,C20H18N4S4,"1,4-Bis[(5-phenyl-1,3,4-thiadiazol-2-yl)sulfanyl]butane",C1=CC=C(C=C1)C2=NN=C(S2)SCCCCSC3=NN=C(S3)C4=CC=CC=C4,Organosulfur compounds,Thioethers,Aryl thioethers,-2.6783,-3.8468,0.0091949
443.23_2.465,Sirius,[M + H]+,443.2309,2.4657,C28H30N2O3,alpha-[4-(1-Adamantyl)benzoylamino]-1H-indole-3-propionic acid,C1C2CC3CC1CC(C2)(C3)C4=CC=C(C=C4)C(=O)NC(CC5=CNC6=CC=CC=C65)C(=O)O,Organic acids and derivatives,Benzene and substituted derivatives,"Amino acids, peptides, and analogues",2.051,-5.2324,0.043971
453.21_10.66,Sirius,[M + Na]+,453.217,10.6662,C16H30N8O6,Arg-Gln-Gln,C(CC(C(=O)NC(CCC(=O)N)C(=O)NC(CCC(=O)N)C(=O)O)N)CN=C(N)N,Organic acids and derivatives,Carboxylic acids and derivatives,"Amino acids, peptides, and analogues",2.973,-3.0919,0.0040293
453.34_11.53,Sirius,[M + H]+,453.3437,11.5383,C24H44N4O4,"3,9-Di(butan-2-yl)-6,12-bis(2-methylpropyl)-1,4,7,10-tetrazacyclododecane-2,5,8,11-tetrone",CCC(C)C1C(=O)NC(C(=O)NC(C(=O)NC(C(=O)N1)CC(C)C)C(C)CC)CC(C)C,Organic acids and derivatives,Carboxylic acids and derivatives,"Amino acids, peptides, and analogues",2.706,-4.1898,0.0085474
458.25_13.39,Sirius,[M + H]+,458.2541,13.39,C27H31N5O2,"4-[5-[[(1-benzoylpiperidin-4-yl)-methylamino]methyl]pyrazin-2-yl]-N,N-dimethylbenzamide",CN(C)C(=O)C1=CC=C(C=C1)C2=NC=C(N=C2)CN(C)C3CCN(CC3)C(=O)C4=CC=CC=C4,Organic acids and derivatives,Benzene and substituted derivatives,"Amino acids, peptides, and analogues",-2.6029,-4.0296,0.011254
459.28_11.53,GNPS,[M + H]+,459.2806,11.531,C20H42O11,Decaethylene glycol,C(COCCOCCOCCOCCOCCOCCOCCOCCOCCO)O,Organic oxygen compounds,Organooxygen compounds,Ethers,3.2112,-2.4372,0.0019892
470.29_10.64,Sirius,[M + H]+,470.2967,10.6402,C22H39N5O6,Leu-Pro-Leu-Gln,CC(C)CC(C(=O)N1CCCC1C(=O)NC(CC(C)C)C(=O)NC(CCC(=O)N)C(=O)O)N,Organic acids and derivatives,Carboxylic acids and derivatives,"Amino acids, peptides, and analogues",-2.9437,-3.1697,0.0043842
476.30_11.51,Sirius,[M + H]+,476.3065,11.5155,C21H41N5O7,"[(4S)-4-amino-5-[[(2S)-2,5-bis[(2-methylpropan-2-yl)oxycarbonylamino]pentyl]amino]-5-oxopentyl]carbamic acid",CC(C)(C)OC(=O)NCCCC(CNC(=O)C(CCCNC(=O)O)N)NC(=O)OC(C)(C)C,Organic acids and derivatives,Organic carbonic acids and derivatives,"Amino acids, peptides, and analogues",3.0048,-3.0068,0.0036744
487.18_3.807,Sirius,[M + H]+,487.1879,3.807,C21H23FN8O5,"(4R)-N-(4-{[(2,4-Diamino-6-pteridinyl)methyl]amino}-3-ethylbenzoyl)-4-fluoro-L-glutamic acid",CCC1=C(C=CC(=C1)C(=O)NC(CC(C(=O)O)F)C(=O)O)NCC2=CN=C3C(=N2)C(=NC(=N3)N)N,Organic acids and derivatives,Carboxylic acids and derivatives,"Amino acids, peptides, and analogues",-2.0261,-5.2808,0.046524
493.01_16.98,Sirius,[M + H]+,493.0175,16.9811,C11H16ClFN6O9P2,"[(2S,3S,4R,5R)-5-[2-amino-6-(methylamino)purin-9-yl]-2-chloro-4-fluoro-3-hydroxyoxolan-2-yl]methyl phosphono hydrogen phosphate",CNC1=C2C(=NC(=N1)N)N(C=N2)C3C(C(C(O3)(COP(=O)(O)OP(=O)(O)O)Cl)O)F,"Nucleosides, nucleotides, and analogues",Organooxygen compounds,Purine deoxyribonucleotides,-2.2806,-4.762,0.02559
503.30_12.19,GNPS,[M + H]+,503.3065,12.1902,C22H46O12,Undecaethylene glycol,C(COCCOCCOCCOCCOCCOCCOCCOCCOCCOCCO)O,Organic oxygen compounds,Organooxygen compounds,Ethers,2.875,-3.3498,0.005333
503.32_25.96,Sirius,[M + H]+,503.3201,25.9604,C22H42N6O7,Lys-Glu-Val-Lys,CC(C)C(C(=O)NC(CCCCN)C(=O)O)NC(=O)C(CCC(=O)O)NC(=O)C(CCCCN)N,Organic acids and derivatives,Carboxylic acids and derivatives,"Amino acids, peptides, and analogues",-2.0315,-5.6849,0.046003
511.23_0.830,Sirius,[M + Na]+,511.2383,0.8306,C22H32N8O5,Pyr-Gly-Arg-Phe-amide,C1CC(=O)NC1C(=O)NCC(=O)NC(CCCN=C(N)N)C(=O)NC(CC2=CC=CC=C2)C(=O)N,Organic acids and derivatives,Carboxylic acids and derivatives,"Amino acids, peptides, and analogues",2.5138,-5.0621,0.01426
511.26_22.53,Sirius,[M + Na]+,511.2623,22.5391,C24H44N2O4S2,N-[2-[4-(octylsulfonylamino)phenyl]ethyl]octane-1-sulfonamide,CCCCCCCCS(=O)(=O)NCCC1=CC=C(C=C1)NS(=O)(=O)CCCCCCCC,Benzenoids,Benzene and substituted derivatives,Unassigned,-2.6677,-4.6936,0.0094923
511.32_25.50,Sirius,[M + H]+,511.3272,25.504,C34H42N2O2,"(1S,9aR,11aS)-N-benzhydryl-N,6,9a,11a-tetramethyl-7-oxo-2,3,3a,3b,4,5,5a,9b,10,11-decahydro-1H-indeno[5,4-f]quinoline-1-carboxamide",CC12CCC3C(C1CCC2C(=O)N(C)C(C4=CC=CC=C4)C5=CC=CC=C5)CCC6C3(C=CC(=O)N6C)C,Organic acids and derivatives,Steroids and steroid derivatives,"Amino acids, peptides, and analogues",-2.3605,-5.4109,0.021055
517.09_14.92,Sirius,[M + Na]+,517.0959,14.9296,C15H32N2O8P2S2,2-diethoxyphosphorylsulfanyl-N-[3-[(2-diethoxyphosphorylsulfanylacetyl)amino]propyl]acetamide,CCOP(=O)(OCC)SCC(=O)NCCCNC(=O)CSP(=O)(OCC)OCC,Lipids and lipid-like molecules,Carboxylic acids and derivatives,Fatty amides,-2.0814,-5.1726,0.041015
517.28_12.38,Sirius,[M + H]+,517.283,12.387,C23H40N4O9,"10-[2-(3,6-Dioxa-8-nonyne-1-yloxy)ethyl]-1,4,7,10-tetraazacyclododecane-1,4,7-triacetic acid",C#CCOCCOCCOCCN1CCN(CCN(CCN(CC1)CC(=O)O)CC(=O)O)CC(=O)O,Organic acids and derivatives,Carboxylic acids and derivatives,"Amino acids, peptides, and analogues",2.1492,-5.0365,0.035038
519.32_25.70,Sirius,[M + H]+,519.3215,25.7046,C24H48N4O4P2,"1,1'-(1,4-Butanediyl)bis[3-(4,4,5,5-tetramethyl-1,3,2-dioxaphospholan-2-yl)hexahydropyrimidine]",CC1(C(OP(O1)N2CCCN(C2)CCCCN3CCCN(C3)P4OC(C(O4)(C)C)(C)C)(C)C)C,Organic acids and derivatives,Diazinanes,Unassigned,-2.1832,-5.7911,0.032399
520.33_12.17,Sirius,[M + H]+,520.3329,12.1764,C24H41N9O4,"2-[4,7,10-Tris(2-amino-2-oxoethyl)-6-[[4-(methylamino)phenyl]methyl]-1,4,7,10-tetrazacyclododec-1-yl]acetamide",CNC1=CC=C(C=C1)CC2CN(CCN(CCN(CCN2CC(=O)N)CC(=O)N)CC(=O)N)CC(=O)N,Organic acids and derivatives,Organonitrogen compounds,"Amino acids, peptides, and analogues",3.232,-2.3783,0.0018674
530.25_10.33,DR,[M + 2H]+,530.2539,10.33,C53H70N8O15,Micropeptin_TR1058,CC(C)C[C@H]1C(=O)N(C)[C@@H](Cc2ccc(O)cc2)C(=O)N[C@@H](C(C)C)C(=O)O[C@@H](C)[C@H](NC(=O)[C@H](Cc2ccc(O)cc2)NC(=O)[C@H](O)Cc2ccc(O)cc2)C(=O)N[C@@H](CCC(N)=O)C(=O)N[C@H]2CC[C@@H](O)N1C2=O,Organic acids and derivatives,Peptidomimetics,Depsipeptides,-2.1132,-5.1093,0.038114
531.27_25.71,Sirius,[M + K]+,531.2765,25.7187,C28H44O7,"2,3,14-trihydroxy-10,13-dimethyl-17-(2,3,6-trihydroxy-6-methyl-5-methylideneheptan-2-yl)-2,3,4,5,9,11,12,15,16,17-decahydro-1H-cyclopenta[a]phenanthren-6-one",CC12CCC3C(=CC(=O)C4C3(CC(C(C4)O)O)C)C1(CCC2C(C)(C(CC(=C)C(C)(C)O)O)O)O,Lipids and lipid-like molecules,Steroids and steroid derivatives,Triterpenoids,-2.5502,-4.155,0.012934
535.32_25.19,Sirius,[M + H]+,535.3231,25.1988,C30H46O8,"(2R,3R,6aR,6bS,8aS,11S,12S,12aS,14aR,14bR)-2,3,12-trihydroxy-11-(hydroxymethyl)-4,6a,6b,12,14b-pentamethyl-1,2,3,4a,5,6,7,8,9,10,11,12a,14,14a-tetradecahydropicene-4,8a-dicarboxylic acid",CC12CCC3C(C1CC=C4C2(CCC5(C4C(C(CC5)CO)(C)O)C(=O)O)C)(CC(C(C3(C)C(=O)O)O)O)C,Lipids and lipid-like molecules,Unassigned,Unassigned,-2.2244,-5.2948,0.029351
535.32_25.69,Sirius,[M + Na]+,535.3247,25.6906,C24H44N6O6,Val-Val-Val-Ala-Ala-Ala,CC(C)C(C(=O)NC(C(C)C)C(=O)NC(C(C)C)C(=O)NC(C)C(=O)NC(C)C(=O)NC(C)C=O)N,Organic acids and derivatives,Carboxylic acids and derivatives,Hybrid peptides,-2.4639,-5.1778,0.016219
541.26_12.18,Sirius,[M + H]+,541.2605,12.1871,C28H36N4O7,1-[2-[[2-[[2-amino-3-(4-hydroxyphenyl)propanoyl]amino]-3-(4-hydroxyphenyl)propanoyl]amino]-3-methylbutanoyl]pyrrolidine-2-carboxylic acid,CC(C)C(C(=O)N1CCCC1C(=O)O)NC(=O)C(CC2=CC=C(C=C2)O)NC(=O)C(CC3=CC=C(C=C3)O)N,Organic acids and derivatives,Carboxylic acids and derivatives,"Amino acids, peptides, and analogues",2.5838,-4.0753,0.011839
543.30_16.32,Sirius,[M + Na]+,543.3095,16.3269,C26H48O10,"[(2S)-2-heptanoyloxy-3-[(2R,3R,4S,5R,6R)-3,4,5-trihydroxy-6-(hydroxymethyl)oxan-2-yl]oxypropyl] decanoate",CCCCCCCCCC(=O)OCC(COC1C(C(C(C(O1)CO)O)O)O)OC(=O)CCCCCC,Lipids and lipid-like molecules,Glycerolipids,Terpene glycosides,-2.0067,-5.7327,0.048642
547.33_12.77,Sirius,[M + H]+,547.3325,12.7754,C24H50O13,AmbotzPEG1015,C(COCCOCCOCCOCCOCCOCCOCCOCCOCCOCCOCCO)O,Organic oxygen compounds,Organooxygen compounds,Carbohydrates and carbohydrate conjugates,3.3258,-2.109,0.0014001
549.79_15.01,DR,[M + 2H]+,549.7925,15.012,C48H75N17O13,H-Leu-DLeu-His-Asp-His-Pro-Asn-Pro-Arg-OH|L-(D-Leu)-HDHPNPR,CC(C)C[C@H](N)C(=O)N[C@H](CC(C)C)C(=O)N[C@@H](Cc1cnc[nH]1)C(=O)N[C@@H](CC(=O)O)C(=O)N[C@@H](Cc1cnc[nH]1)C(=O)N1CCC[C@H]1C(=O)N[C@@H](CC(N)=O)C(=O)N1CCC[C@H]1C(=O)N[C@@H](CCCNC(=N)N)C(=O)O,Organic acids and derivatives,Carboxylic acids and derivatives,"Amino acids, peptides, and analogues",-2.9941,-3.0354,0.00379
553.81_14.90,Sirius,[M + Na]+,553.8129,14.9067,C19H10Br2Cl3NO,"2-Bromo-N-(2-bromophenyl)-N-(2,4,6-trichlorophenyl)benzamide",C1=CC=C(C(=C1)C(=O)N(C2=CC=CC=C2Br)C3=C(C=C(C=C3Cl)Cl)Cl)Br,Benzenoids,Benzene and substituted derivatives,Anilides,-2.4744,-4.3314,0.015747
561.31_12.91,Sirius,[M + H]+,561.3107,12.9198,C21H40N10O8,Lys-Gly-Gly-Ser-Gly-Arg,C(CCN)CC(C(=O)NCC(=O)NCC(=O)NC(CO)C(=O)NCC(=O)NC(CCCN=C(N)N)C(=O)O)N,Organic acids and derivatives,Polypeptides,"Amino acids, peptides, and analogues",2.0736,-5.188,0.041756
564.35_12.76,Sirius,[M + H]+,564.3582,12.7647,C26H45N9O5,Gly-Pro-Arg-Pro,C1CC(N(C1)C(=O)CN)C(=O)NC(CCCN=C(N)N)C(=O)N2CCCC2C(=O)NCC3CCC(CC3)C(=O)N,Organic acids and derivatives,Polypeptides,"Amino acids, peptides, and analogues",2.9854,-3.0588,0.0038871
569.31_12.76,Sirius,[M + H]+,569.3143,12.7663,C28H40N8O5,Thr-Arg-Phe-Phe-NH2,CC(C(C(=O)NC(CCCN=C(N)N)C(=O)NC(CC1=CC=CC=C1)C(=O)NC(CC2=CC=CC=C2)C(=O)N)N)O,Organic acids and derivatives,Carboxylic acids and derivatives,"Amino acids, peptides, and analogues",2.7971,-3.5501,0.0066372
587.33_13.39,DR,[M + H]+,587.3375,13.3964,C26H46N6O9,Demethylenenocardamine_Demethylenenocardamine,O=C1CCC(=O)N(O)CCCCCNC(=O)CCC(=O)N(O)CCCCNC(=O)CCC(=O)N(O)CCCCCN1,Phenylpropanoids and polyketides,Macrolactams,Unassigned,-2.4531,-4.7927,0.016658
846.44_25.70,MD,[M + H]+,846.4442,25.7089,C41H67NO17,ancorinoside_A_Mg_salt,CN1C(=O)C(C(=O)CCCCCCCCCCCCCCCCCCCCCO[C@@H]2O[C@H](C(=O)O)[C@H](O[C@@H]3O[C@H](CO)[C@@H](O)[C@H](O)[C@H]3O)[C@H](O)[C@H]2O)=C([O-])[C@H]1CC(=O)[O-],Lipids and lipid-like molecules,Fatty Acyls,Fatty acyl glycosides,-2.3533,-4.6038,0.02139
